Time,CORE_ZN ZN PSZ-HP:DesPer 1:Des Heat Mass Flow [kg/s],CORE_ZN ZN PSZ-HP:DesPer 1:Des Heat Cap [W],CORE_ZN ZN PSZ-HP:DesPer 1:Des Cool Mass Flow [kg/s],CORE_ZN ZN PSZ-HP:DesPer 1:Des Sens Cool Cap [W],CORE_ZN ZN PSZ-HP:DesPer 1:Des Tot Cool Cap [W],CORE_ZN ZN PSZ-HP:DesPer 2:Des Heat Mass Flow [kg/s],CORE_ZN ZN PSZ-HP:DesPer 2:Des Heat Cap [W],CORE_ZN ZN PSZ-HP:DesPer 2:Des Cool Mass Flow [kg/s],CORE_ZN ZN PSZ-HP:DesPer 2:Des Sens Cool Cap [W],CORE_ZN ZN PSZ-HP:DesPer 2:Des Tot Cool Cap [W],PERIMETER_ZN_1 ZN PSZ-HP:DesPer 1:Des Heat Mass Flow [kg/s],PERIMETER_ZN_1 ZN PSZ-HP:DesPer 1:Des Heat Cap [W],PERIMETER_ZN_1 ZN PSZ-HP:DesPer 1:Des Cool Mass Flow [kg/s],PERIMETER_ZN_1 ZN PSZ-HP:DesPer 1:Des Sens Cool Cap [W],PERIMETER_ZN_1 ZN PSZ-HP:DesPer 1:Des Tot Cool Cap [W],PERIMETER_ZN_1 ZN PSZ-HP:DesPer 2:Des Heat Mass Flow [kg/s],PERIMETER_ZN_1 ZN PSZ-HP:DesPer 2:Des Heat Cap [W],PERIMETER_ZN_1 ZN PSZ-HP:DesPer 2:Des Cool Mass Flow [kg/s],PERIMETER_ZN_1 ZN PSZ-HP:DesPer 2:Des Sens Cool Cap [W],PERIMETER_ZN_1 ZN PSZ-HP:DesPer 2:Des Tot Cool Cap [W],PERIMETER_ZN_2 ZN PSZ-HP:DesPer 1:Des Heat Mass Flow [kg/s],PERIMETER_ZN_2 ZN PSZ-HP:DesPer 1:Des Heat Cap [W],PERIMETER_ZN_2 ZN PSZ-HP:DesPer 1:Des Cool Mass Flow [kg/s],PERIMETER_ZN_2 ZN PSZ-HP:DesPer 1:Des Sens Cool Cap [W],PERIMETER_ZN_2 ZN PSZ-HP:DesPer 1:Des Tot Cool Cap [W],PERIMETER_ZN_2 ZN PSZ-HP:DesPer 2:Des Heat Mass Flow [kg/s],PERIMETER_ZN_2 ZN PSZ-HP:DesPer 2:Des Heat Cap [W],PERIMETER_ZN_2 ZN PSZ-HP:DesPer 2:Des Cool Mass Flow [kg/s],PERIMETER_ZN_2 ZN PSZ-HP:DesPer 2:Des Sens Cool Cap [W],PERIMETER_ZN_2 ZN PSZ-HP:DesPer 2:Des Tot Cool Cap [W],PERIMETER_ZN_3 ZN PSZ-HP:DesPer 1:Des Heat Mass Flow [kg/s],PERIMETER_ZN_3 ZN PSZ-HP:DesPer 1:Des Heat Cap [W],PERIMETER_ZN_3 ZN PSZ-HP:DesPer 1:Des Cool Mass Flow [kg/s],PERIMETER_ZN_3 ZN PSZ-HP:DesPer 1:Des Sens Cool Cap [W],PERIMETER_ZN_3 ZN PSZ-HP:DesPer 1:Des Tot Cool Cap [W],PERIMETER_ZN_3 ZN PSZ-HP:DesPer 2:Des Heat Mass Flow [kg/s],PERIMETER_ZN_3 ZN PSZ-HP:DesPer 2:Des Heat Cap [W],PERIMETER_ZN_3 ZN PSZ-HP:DesPer 2:Des Cool Mass Flow [kg/s],PERIMETER_ZN_3 ZN PSZ-HP:DesPer 2:Des Sens Cool Cap [W],PERIMETER_ZN_3 ZN PSZ-HP:DesPer 2:Des Tot Cool Cap [W],PERIMETER_ZN_4 ZN PSZ-HP:DesPer 1:Des Heat Mass Flow [kg/s],PERIMETER_ZN_4 ZN PSZ-HP:DesPer 1:Des Heat Cap [W],PERIMETER_ZN_4 ZN PSZ-HP:DesPer 1:Des Cool Mass Flow [kg/s],PERIMETER_ZN_4 ZN PSZ-HP:DesPer 1:Des Sens Cool Cap [W],PERIMETER_ZN_4 ZN PSZ-HP:DesPer 1:Des Tot Cool Cap [W],PERIMETER_ZN_4 ZN PSZ-HP:DesPer 2:Des Heat Mass Flow [kg/s],PERIMETER_ZN_4 ZN PSZ-HP:DesPer 2:Des Heat Cap [W],PERIMETER_ZN_4 ZN PSZ-HP:DesPer 2:Des Cool Mass Flow [kg/s],PERIMETER_ZN_4 ZN PSZ-HP:DesPer 2:Des Sens Cool Cap [W],PERIMETER_ZN_4 ZN PSZ-HP:DesPer 2:Des Tot Cool Cap [W]
00:10:00,9.149361E-02,4.484845E+02,4.183340E-01,4.987793E+03,7.340253E+03,9.149361E-02,2.539434E+03,9.149361E-02,0.000000E+00,0.000000E+00,6.935808E-02,3.399803E+02,4.623480E-01,5.399257E+03,9.718101E+03,5.778518E-01,7.604109E+03,6.935808E-02,0.000000E+00,0.000000E+00,4.114411E-02,2.016807E+02,2.172825E-01,2.568070E+03,4.082857E+03,1.851141E-01,2.749534E+03,4.114411E-02,0.000000E+00,0.000000E+00,6.935808E-02,3.399803E+02,3.500208E-01,4.147657E+03,6.608936E+03,2.954529E-01,4.449610E+03,6.935808E-02,0.000000E+00,0.000000E+00,4.114411E-02,2.016807E+02,2.446837E-01,2.873910E+03,4.420135E+03,2.258332E-01,3.204203E+03,4.114411E-02,0.000000E+00,0.000000E+00
00:20:00,9.149361E-02,4.557476E+02,4.175996E-01,4.972330E+03,7.324279E+03,9.149361E-02,2.539434E+03,9.149361E-02,0.000000E+00,0.000000E+00,6.935808E-02,3.454862E+02,4.592539E-01,5.359238E+03,9.668327E+03,5.778091E-01,7.603633E+03,6.935808E-02,0.000000E+00,0.000000E+00,4.114411E-02,2.049469E+02,2.161038E-01,2.551648E+03,4.064983E+03,1.850920E-01,2.749288E+03,4.114411E-02,0.000000E+00,0.000000E+00,6.935808E-02,3.454862E+02,3.482427E-01,4.122305E+03,6.581432E+03,2.954113E-01,4.449145E+03,6.935808E-02,0.000000E+00,0.000000E+00,4.114411E-02,2.049469E+02,2.430096E-01,2.851958E+03,4.396444E+03,2.258125E-01,3.203972E+03,4.114411E-02,0.000000E+00,0.000000E+00
00:30:00,9.149361E-02,4.630107E+02,4.168713E-01,4.956937E+03,7.308377E+03,9.149361E-02,2.539434E+03,9.149361E-02,0.000000E+00,0.000000E+00,6.935808E-02,3.509921E+02,4.562207E-01,5.319899E+03,9.619087E+03,5.777667E-01,7.603159E+03,6.935808E-02,0.000000E+00,0.000000E+00,4.114411E-02,2.082130E+02,2.149442E-01,2.535439E+03,4.047310E+03,1.850701E-01,2.749043E+03,4.114411E-02,0.000000E+00,0.000000E+00,6.935808E-02,3.509921E+02,3.464934E-01,4.097274E+03,6.554235E+03,2.953700E-01,4.448684E+03,6.935808E-02,0.000000E+00,0.000000E+00,4.114411E-02,2.082130E+02,2.413656E-01,2.830343E+03,4.373071E+03,2.257919E-01,3.203742E+03,4.114411E-02,0.000000E+00,0.000000E+00
00:40:00,9.149361E-02,4.702738E+02,4.161489E-01,4.941609E+03,7.292538E+03,9.149361E-02,2.539434E+03,9.149361E-02,0.000000E+00,0.000000E+00,6.935808E-02,3.564980E+02,4.532481E-01,5.281236E+03,9.570558E+03,5.777246E-01,7.602689E+03,6.935808E-02,0.000000E+00,0.000000E+00,4.114411E-02,2.114792E+02,2.138035E-01,2.519441E+03,4.029848E+03,1.850484E-01,2.748800E+03,4.114411E-02,0.000000E+00,0.000000E+00,6.935808E-02,3.564980E+02,3.447727E-01,4.072562E+03,6.527355E+03,2.953290E-01,4.448227E+03,6.935808E-02,0.000000E+00,0.000000E+00,4.114411E-02,2.114792E+02,2.397512E-01,2.809057E+03,4.350026E+03,2.257715E-01,3.203514E+03,4.114411E-02,0.000000E+00,0.000000E+00
00:50:00,9.149361E-02,4.775369E+02,4.154318E-01,4.926340E+03,7.276763E+03,9.149361E-02,2.539434E+03,9.149361E-02,0.000000E+00,0.000000E+00,6.935808E-02,3.620039E+02,4.503359E-01,5.243245E+03,9.522915E+03,5.776828E-01,7.602223E+03,6.935808E-02,0.000000E+00,0.000000E+00,4.114411E-02,2.147454E+02,2.126815E-01,2.503652E+03,4.012611E+03,1.850268E-01,2.748560E+03,4.114411E-02,0.000000E+00,0.000000E+00,6.935808E-02,3.620039E+02,3.430801E-01,4.048165E+03,6.500815E+03,2.952884E-01,4.447772E+03,6.935808E-02,0.000000E+00,0.000000E+00,4.114411E-02,2.147454E+02,2.381659E-01,2.788097E+03,4.327328E+03,2.257512E-01,3.203288E+03,4.114411E-02,0.000000E+00,0.000000E+00
01:00:00,9.149361E-02,4.848000E+02,4.147197E-01,4.911128E+03,7.261044E+03,9.149361E-02,2.539434E+03,9.149361E-02,0.000000E+00,0.000000E+00,6.935808E-02,3.675098E+02,4.474837E-01,5.205925E+03,9.476247E+03,5.776414E-01,7.601759E+03,6.935808E-02,0.000000E+00,0.000000E+00,4.114411E-02,2.180116E+02,2.115780E-01,2.488069E+03,3.995608E+03,1.850054E-01,2.748320E+03,4.114411E-02,0.000000E+00,0.000000E+00,6.935808E-02,3.675098E+02,3.414156E-01,4.024080E+03,6.474628E+03,2.952480E-01,4.447321E+03,6.935808E-02,0.000000E+00,0.000000E+00,4.114411E-02,2.180116E+02,2.366095E-01,2.767459E+03,4.304988E+03,2.257311E-01,3.203064E+03,4.114411E-02,0.000000E+00,0.000000E+00
01:10:00,9.149361E-02,4.896421E+02,4.140243E-01,4.898522E+03,7.248009E+03,9.149361E-02,2.539434E+03,9.149361E-02,0.000000E+00,0.000000E+00,6.935808E-02,3.711804E+02,4.447459E-01,5.171716E+03,9.433480E+03,5.776443E-01,7.601792E+03,6.935808E-02,0.000000E+00,0.000000E+00,4.114411E-02,2.201890E+02,2.105055E-01,2.473921E+03,3.980150E+03,1.850069E-01,2.748337E+03,4.114411E-02,0.000000E+00,0.000000E+00,6.935808E-02,3.711804E+02,3.397999E-01,4.002375E+03,6.450999E+03,2.952508E-01,4.447353E+03,6.935808E-02,0.000000E+00,0.000000E+00,4.114411E-02,2.201890E+02,2.350973E-01,2.748403E+03,4.284357E+03,2.257326E-01,3.203080E+03,4.114411E-02,0.000000E+00,0.000000E+00
01:20:00,9.149361E-02,4.944842E+02,4.133335E-01,4.885967E+03,7.235027E+03,9.149361E-02,2.539434E+03,9.149361E-02,0.000000E+00,0.000000E+00,6.935808E-02,3.748510E+02,4.421184E-01,5.138736E+03,9.391833E+03,5.776472E-01,7.601824E+03,6.935808E-02,0.000000E+00,0.000000E+00,4.114411E-02,2.223665E+02,2.094619E-01,2.460095E+03,3.965015E+03,1.850084E-01,2.748354E+03,4.114411E-02,0.000000E+00,0.000000E+00,6.935808E-02,3.748510E+02,3.382290E-01,3.981171E+03,6.427880E+03,2.952536E-01,4.447385E+03,6.935808E-02,0.000000E+00,0.000000E+00,4.114411E-02,2.223665E+02,2.336275E-01,2.729820E+03,4.264195E+03,2.257340E-01,3.203095E+03,4.114411E-02,0.000000E+00,0.000000E+00
01:30:00,9.149361E-02,4.993263E+02,4.126471E-01,4.873463E+03,7.222096E+03,9.149361E-02,2.539434E+03,9.149361E-02,0.000000E+00,0.000000E+00,6.935808E-02,3.785216E+02,4.396019E-01,5.106995E+03,9.351224E+03,5.776500E-01,7.601856E+03,6.935808E-02,0.000000E+00,0.000000E+00,4.114411E-02,2.245439E+02,2.084474E-01,2.446594E+03,3.950188E+03,1.850099E-01,2.748371E+03,4.114411E-02,0.000000E+00,0.000000E+00,6.935808E-02,3.785216E+02,3.367037E-01,3.960475E+03,6.405246E+03,2.952564E-01,4.447416E+03,6.935808E-02,0.000000E+00,0.000000E+00,4.114411E-02,2.245439E+02,2.322005E-01,2.711715E+03,4.244481E+03,2.257354E-01,3.203111E+03,4.114411E-02,0.000000E+00,0.000000E+00
01:40:00,9.149361E-02,5.041683E+02,4.119654E-01,4.861009E+03,7.209216E+03,9.149361E-02,2.539434E+03,9.149361E-02,0.000000E+00,0.000000E+00,6.935808E-02,3.821923E+02,4.371971E-01,5.076500E+03,9.312023E+03,5.776529E-01,7.601888E+03,6.935808E-02,0.000000E+00,0.000000E+00,4.114411E-02,2.267214E+02,2.074624E-01,2.433423E+03,3.935696E+03,1.850114E-01,2.748387E+03,4.114411E-02,0.000000E+00,0.000000E+00,6.935808E-02,3.821923E+02,3.352245E-01,3.940294E+03,6.383136E+03,2.952592E-01,4.447447E+03,6.935808E-02,0.000000E+00,0.000000E+00,4.114411E-02,2.267214E+02,2.308165E-01,2.694090E+03,4.225251E+03,2.257368E-01,3.203127E+03,4.114411E-02,0.000000E+00,0.000000E+00
01:50:00,9.149361E-02,5.090104E+02,4.112882E-01,4.848608E+03,7.196391E+03,9.149361E-02,2.539434E+03,9.149361E-02,0.000000E+00,0.000000E+00,6.935808E-02,3.858629E+02,4.349047E-01,5.047258E+03,9.274595E+03,5.776557E-01,7.601920E+03,6.935808E-02,0.000000E+00,0.000000E+00,4.114411E-02,2.288988E+02,2.065073E-01,2.420585E+03,3.921577E+03,1.850129E-01,2.748404E+03,4.114411E-02,0.000000E+00,0.000000E+00,6.935808E-02,3.858629E+02,3.337920E-01,3.920634E+03,6.361606E+03,2.952620E-01,4.447478E+03,6.935808E-02,0.000000E+00,0.000000E+00,4.114411E-02,2.288988E+02,2.294758E-01,2.676949E+03,4.206553E+03,2.257382E-01,3.203142E+03,4.114411E-02,0.000000E+00,0.000000E+00
02:00:00,9.149361E-02,5.138525E+02,4.106158E-01,4.836259E+03,7.183619E+03,9.149361E-02,2.539434E+03,9.149361E-02,0.000000E+00,0.000000E+00,6.935808E-02,3.895335E+02,4.327255E-01,5.019279E+03,9.239135E+03,5.776585E-01,7.601951E+03,6.935808E-02,0.000000E+00,0.000000E+00,4.114411E-02,2.310763E+02,2.055825E-01,2.408086E+03,3.907856E+03,1.850143E-01,2.748420E+03,4.114411E-02,0.000000E+00,0.000000E+00,6.935808E-02,3.895335E+02,3.324068E-01,3.901503E+03,6.340699E+03,2.952647E-01,4.447508E+03,6.935808E-02,0.000000E+00,0.000000E+00,4.114411E-02,2.310763E+02,2.281788E-01,2.660294E+03,4.188421E+03,2.257395E-01,3.203158E+03,4.114411E-02,0.000000E+00,0.000000E+00
02:10:00,9.149361E-02,5.174841E+02,4.099482E-01,4.825174E+03,7.172145E+03,9.149361E-02,2.539434E+03,9.149361E-02,0.000000E+00,0.000000E+00,6.935808E-02,3.922864E+02,4.306103E-01,4.992931E+03,9.205719E+03,5.776613E-01,7.601982E+03,6.935808E-02,0.000000E+00,0.000000E+00,4.114411E-02,2.327094E+02,2.046781E-01,2.396358E+03,3.894958E+03,1.850158E-01,2.748436E+03,4.114411E-02,0.000000E+00,0.000000E+00,6.935808E-02,3.922864E+02,3.310533E-01,3.883642E+03,6.321140E+03,2.952674E-01,4.447538E+03,6.935808E-02,0.000000E+00,0.000000E+00,4.114411E-02,2.327094E+02,2.269119E-01,2.644521E+03,4.171231E+03,2.257409E-01,3.203173E+03,4.114411E-02,0.000000E+00,0.000000E+00
02:20:00,9.149361E-02,5.211156E+02,4.092855E-01,4.814145E+03,7.160725E+03,9.149361E-02,2.539434E+03,9.149361E-02,0.000000E+00,0.000000E+00,6.935808E-02,3.950394E+02,4.285593E-01,4.967299E+03,9.172999E+03,5.776640E-01,7.602013E+03,6.935808E-02,0.000000E+00,0.000000E+00,4.114411E-02,2.343424E+02,2.037941E-01,2.384858E+03,3.882291E+03,1.850172E-01,2.748452E+03,4.114411E-02,0.000000E+00,0.000000E+00,6.935808E-02,3.950394E+02,3.297309E-01,3.866130E+03,6.301936E+03,2.952701E-01,4.447569E+03,6.935808E-02,0.000000E+00,0.000000E+00,4.114411E-02,2.343424E+02,2.256747E-01,2.629078E+03,4.154374E+03,2.257423E-01,3.203188E+03,4.114411E-02,0.000000E+00,0.000000E+00
02:30:00,9.149361E-02,5.247472E+02,4.086278E-01,4.803170E+03,7.149361E+03,9.149361E-02,2.539434E+03,9.149361E-02,0.000000E+00,0.000000E+00,6.935808E-02,3.977923E+02,4.265723E-01,4.942383E+03,9.140922E+03,5.776668E-01,7.602043E+03,6.935808E-02,0.000000E+00,0.000000E+00,4.114411E-02,2.359755E+02,2.029305E-01,2.373586E+03,3.869846E+03,1.850186E-01,2.748468E+03,4.114411E-02,0.000000E+00,0.000000E+00,6.935808E-02,3.977923E+02,3.284398E-01,3.848965E+03,6.283073E+03,2.952728E-01,4.447598E+03,6.935808E-02,0.000000E+00,0.000000E+00,4.114411E-02,2.359755E+02,2.244669E-01,2.613964E+03,4.137835E+03,2.257436E-01,3.203203E+03,4.114411E-02,0.000000E+00,0.000000E+00
02:40:00,9.149361E-02,5.283787E+02,4.079749E-01,4.792249E+03,7.138056E+03,9.149361E-02,2.539434E+03,9.149361E-02,0.000000E+00,0.000000E+00,6.935808E-02,4.005453E+02,4.246496E-01,4.918182E+03,9.109664E+03,5.776695E-01,7.602074E+03,6.935808E-02,0.000000E+00,0.000000E+00,4.114411E-02,2.376086E+02,2.020873E-01,2.362541E+03,3.857637E+03,1.850201E-01,2.748484E+03,4.114411E-02,0.000000E+00,0.000000E+00,6.935808E-02,4.005453E+02,3.271797E-01,3.832148E+03,6.264568E+03,2.952754E-01,4.447628E+03,6.935808E-02,0.000000E+00,0.000000E+00,4.114411E-02,2.376086E+02,2.232883E-01,2.599176E+03,4.121630E+03,2.257449E-01,3.203218E+03,4.114411E-02,0.000000E+00,0.000000E+00
02:50:00,9.149361E-02,5.320103E+02,4.073269E-01,4.781384E+03,7.126805E+03,9.149361E-02,2.539434E+03,9.149361E-02,0.000000E+00,0.000000E+00,6.935808E-02,4.032982E+02,4.227910E-01,4.894697E+03,9.079399E+03,5.776722E-01,7.602104E+03,6.935808E-02,0.000000E+00,0.000000E+00,4.114411E-02,2.392417E+02,2.012644E-01,2.351724E+03,3.845678E+03,1.850215E-01,2.748500E+03,4.114411E-02,0.000000E+00,0.000000E+00,6.935808E-02,4.032982E+02,3.259507E-01,3.815677E+03,6.246443E+03,2.952781E-01,4.447658E+03,6.935808E-02,0.000000E+00,0.000000E+00,4.114411E-02,2.392417E+02,2.221386E-01,2.584711E+03,4.105776E+03,2.257463E-01,3.203233E+03,4.114411E-02,0.000000E+00,0.000000E+00
03:00:00,9.149361E-02,5.356418E+02,4.066839E-01,4.770573E+03,7.115612E+03,9.149361E-02,2.539434E+03,9.149361E-02,0.000000E+00,0.000000E+00,6.935808E-02,4.060512E+02,4.209965E-01,4.871927E+03,9.050223E+03,5.776749E-01,7.602134E+03,6.935808E-02,0.000000E+00,0.000000E+00,4.114411E-02,2.408748E+02,2.004619E-01,2.341133E+03,3.833981E+03,1.850229E-01,2.748515E+03,4.114411E-02,0.000000E+00,0.000000E+00,6.935808E-02,4.060512E+02,3.247526E-01,3.799552E+03,6.228716E+03,2.952807E-01,4.447687E+03,6.935808E-02,0.000000E+00,0.000000E+00,4.114411E-02,2.408748E+02,2.210177E-01,2.570566E+03,4.090287E+03,2.257476E-01,3.203247E+03,4.114411E-02,0.000000E+00,0.000000E+00
03:10:00,9.149361E-02,5.392734E+02,4.060457E-01,4.759818E+03,7.104475E+03,9.149361E-02,2.539434E+03,9.149361E-02,0.000000E+00,0.000000E+00,6.935808E-02,4.088042E+02,4.192162E-01,4.849315E+03,9.021223E+03,5.776776E-01,7.602164E+03,6.935808E-02,0.000000E+00,0.000000E+00,4.114411E-02,2.425079E+02,1.996694E-01,2.330655E+03,3.822398E+03,1.850242E-01,2.748531E+03,4.114411E-02,0.000000E+00,0.000000E+00,6.935808E-02,4.088042E+02,3.235692E-01,3.783589E+03,6.211155E+03,2.952833E-01,4.447716E+03,6.935808E-02,0.000000E+00,0.000000E+00,4.114411E-02,2.425079E+02,2.199118E-01,2.556590E+03,4.074969E+03,2.257489E-01,3.203262E+03,4.114411E-02,0.000000E+00,0.000000E+00
03:20:00,9.149361E-02,5.429050E+02,4.054124E-01,4.749115E+03,7.093393E+03,9.149361E-02,2.539434E+03,9.149361E-02,0.000000E+00,0.000000E+00,6.935808E-02,4.115571E+02,4.174494E-01,4.826854E+03,8.992388E+03,5.776802E-01,7.602193E+03,6.935808E-02,0.000000E+00,0.000000E+00,4.114411E-02,2.441410E+02,1.988866E-01,2.320284E+03,3.810925E+03,1.850256E-01,2.748546E+03,4.114411E-02,0.000000E+00,0.000000E+00,6.935808E-02,4.115571E+02,3.223992E-01,3.767778E+03,6.193745E+03,2.952859E-01,4.447745E+03,6.935808E-02,0.000000E+00,0.000000E+00,4.114411E-02,2.441410E+02,2.188200E-01,2.542771E+03,4.059812E+03,2.257502E-01,3.203276E+03,4.114411E-02,0.000000E+00,0.000000E+00
03:30:00,9.149361E-02,5.465365E+02,4.047837E-01,4.738465E+03,7.082364E+03,9.149361E-02,2.539434E+03,9.149361E-02,0.000000E+00,0.000000E+00,6.935808E-02,4.143101E+02,4.156952E-01,4.804534E+03,8.963703E+03,5.776828E-01,7.602223E+03,6.935808E-02,0.000000E+00,0.000000E+00,4.114411E-02,2.457741E+02,1.981128E-01,2.310015E+03,3.799558E+03,1.850270E-01,2.748561E+03,4.114411E-02,0.000000E+00,0.000000E+00,6.935808E-02,4.143101E+02,3.212420E-01,3.752108E+03,6.176482E+03,2.952884E-01,4.447773E+03,6.935808E-02,0.000000E+00,0.000000E+00,4.114411E-02,2.457741E+02,2.177416E-01,2.529102E+03,4.044809E+03,2.257515E-01,3.203291E+03,4.114411E-02,0.000000E+00,0.000000E+00
03:40:00,9.149361E-02,5.501681E+02,4.041595E-01,4.727865E+03,7.071388E+03,9.149361E-02,2.539434E+03,9.149361E-02,0.000000E+00,0.000000E+00,6.935808E-02,4.170630E+02,4.139530E-01,4.782347E+03,8.935160E+03,5.776854E-01,7.602252E+03,6.935808E-02,0.000000E+00,0.000000E+00,4.114411E-02,2.474071E+02,1.973477E-01,2.299843E+03,3.788293E+03,1.850283E-01,2.748576E+03,4.114411E-02,0.000000E+00,0.000000E+00,6.935808E-02,4.170630E+02,3.200967E-01,3.736571E+03,6.159358E+03,2.952910E-01,4.447802E+03,6.935808E-02,0.000000E+00,0.000000E+00,4.114411E-02,2.474071E+02,2.166760E-01,2.515574E+03,4.029953E+03,2.257527E-01,3.203305E+03,4.114411E-02,0.000000E+00,0.000000E+00
03:50:00,9.149361E-02,5.537996E+02,4.035396E-01,4.717313E+03,7.060461E+03,9.149361E-02,2.539434E+03,9.149361E-02,0.000000E+00,0.000000E+00,6.935808E-02,4.198160E+02,4.122220E-01,4.760286E+03,8.906746E+03,5.776880E-01,7.602281E+03,6.935808E-02,0.000000E+00,0.000000E+00,4.114411E-02,2.490402E+02,1.965908E-01,2.289761E+03,3.777122E+03,1.850297E-01,2.748591E+03,4.114411E-02,0.000000E+00,0.000000E+00,6.935808E-02,4.198160E+02,3.189626E-01,3.721160E+03,6.142362E+03,2.952935E-01,4.447830E+03,6.935808E-02,0.000000E+00,0.000000E+00,4.114411E-02,2.490402E+02,2.156224E-01,2.502181E+03,4.015235E+03,2.257540E-01,3.203319E+03,4.114411E-02,0.000000E+00,0.000000E+00
04:00:00,9.149361E-02,5.574312E+02,4.029239E-01,4.706807E+03,7.049580E+03,9.149361E-02,2.539434E+03,9.149361E-02,0.000000E+00,0.000000E+00,6.935808E-02,4.225689E+02,4.105014E-01,4.738340E+03,8.878452E+03,5.776906E-01,7.602309E+03,6.935808E-02,0.000000E+00,0.000000E+00,4.114411E-02,2.506733E+02,1.958416E-01,2.279766E+03,3.766042E+03,1.850310E-01,2.748606E+03,4.114411E-02,0.000000E+00,0.000000E+00,6.935808E-02,4.225689E+02,3.178389E-01,3.705865E+03,6.125488E+03,2.952960E-01,4.447858E+03,6.935808E-02,0.000000E+00,0.000000E+00,4.114411E-02,2.506733E+02,2.145802E-01,2.488916E+03,4.000650E+03,2.257553E-01,3.203333E+03,4.114411E-02,0.000000E+00,0.000000E+00
04:10:00,9.149361E-02,5.598522E+02,4.023121E-01,4.697557E+03,7.039987E+03,9.149361E-02,2.539434E+03,9.149361E-02,0.000000E+00,0.000000E+00,6.935808E-02,4.244042E+02,4.088419E-01,4.717994E+03,8.852195E+03,5.776931E-01,7.602338E+03,6.935808E-02,0.000000E+00,0.000000E+00,4.114411E-02,2.517621E+02,1.951103E-01,2.270515E+03,3.755766E+03,1.850323E-01,2.748621E+03,4.114411E-02,0.000000E+00,0.000000E+00,6.935808E-02,4.244042E+02,3.167427E-01,3.691795E+03,6.109934E+03,2.952985E-01,4.447886E+03,6.935808E-02,0.000000E+00,0.000000E+00,4.114411E-02,2.517621E+02,2.135644E-01,2.476490E+03,3.986980E+03,2.257565E-01,3.203347E+03,4.114411E-02,0.000000E+00,0.000000E+00
04:20:00,9.149361E-02,5.622733E+02,4.017044E-01,4.688351E+03,7.030441E+03,9.149361E-02,2.539434E+03,9.149361E-02,0.000000E+00,0.000000E+00,6.935808E-02,4.262395E+02,4.072416E-01,4.698308E+03,8.826585E+03,5.776957E-01,7.602366E+03,6.935808E-02,0.000000E+00,0.000000E+00,4.114411E-02,2.528508E+02,1.943960E-01,2.261453E+03,3.745687E+03,1.850336E-01,2.748636E+03,4.114411E-02,0.000000E+00,0.000000E+00,6.935808E-02,4.262395E+02,3.156725E-01,3.678014E+03,6.094683E+03,2.953010E-01,4.447913E+03,6.935808E-02,0.000000E+00,0.000000E+00,4.114411E-02,2.528508E+02,2.125728E-01,2.464334E+03,3.973580E+03,2.257577E-01,3.203361E+03,4.114411E-02,0.000000E+00,0.000000E+00
04:30:00,9.149361E-02,5.646943E+02,4.011006E-01,4.679190E+03,7.020938E+03,9.149361E-02,2.539434E+03,9.149361E-02,0.000000E+00,0.000000E+00,6.935808E-02,4.280748E+02,4.057005E-01,4.679283E+03,8.801586E+03,5.776982E-01,7.602394E+03,6.935808E-02,0.000000E+00,0.000000E+00,4.114411E-02,2.539395E+02,1.936987E-01,2.252582E+03,3.735797E+03,1.850350E-01,2.748650E+03,4.114411E-02,0.000000E+00,0.000000E+00,6.935808E-02,4.280748E+02,3.146283E-01,3.664524E+03,6.079719E+03,2.953034E-01,4.447941E+03,6.935808E-02,0.000000E+00,0.000000E+00,4.114411E-02,2.539395E+02,2.116055E-01,2.452448E+03,3.960443E+03,2.257590E-01,3.203374E+03,4.114411E-02,0.000000E+00,0.000000E+00
04:40:00,9.149361E-02,5.671153E+02,4.005009E-01,4.670073E+03,7.011482E+03,9.149361E-02,2.539434E+03,9.149361E-02,0.000000E+00,0.000000E+00,6.935808E-02,4.299101E+02,4.042188E-01,4.660920E+03,8.777371E+03,5.777007E-01,7.602422E+03,6.935808E-02,0.000000E+00,0.000000E+00,4.114411E-02,2.550282E+02,1.930185E-01,2.243901E+03,3.726106E+03,1.850362E-01,2.748665E+03,4.114411E-02,0.000000E+00,0.000000E+00,6.935808E-02,4.299101E+02,3.136102E-01,3.651325E+03,6.065061E+03,2.953058E-01,4.447968E+03,6.935808E-02,0.000000E+00,0.000000E+00,4.114411E-02,2.550282E+02,2.106624E-01,2.440832E+03,3.947588E+03,2.257602E-01,3.203388E+03,4.114411E-02,0.000000E+00,0.000000E+00
04:50:00,9.149361E-02,5.695364E+02,3.999051E-01,4.661001E+03,7.002072E+03,9.149361E-02,2.539434E+03,9.149361E-02,0.000000E+00,0.000000E+00,6.935808E-02,4.317454E+02,4.027965E-01,4.643219E+03,8.754114E+03,5.777031E-01,7.602450E+03,6.935808E-02,0.000000E+00,0.000000E+00,4.114411E-02,2.561170E+02,1.923554E-01,2.235411E+03,3.716631E+03,1.850375E-01,2.748679E+03,4.114411E-02,0.000000E+00,0.000000E+00,6.935808E-02,4.317454E+02,3.126183E-01,3.638419E+03,6.050733E+03,2.953083E-01,4.447995E+03,6.935808E-02,0.000000E+00,0.000000E+00,4.114411E-02,2.561170E+02,2.097435E-01,2.429488E+03,3.935036E+03,2.257614E-01,3.203402E+03,4.114411E-02,0.000000E+00,0.000000E+00
05:00:00,9.149361E-02,5.719574E+02,3.993135E-01,4.651974E+03,6.992710E+03,9.149361E-02,2.539434E+03,9.149361E-02,0.000000E+00,0.000000E+00,6.935808E-02,4.335807E+02,4.014338E-01,4.626183E+03,8.731909E+03,5.777056E-01,7.602477E+03,6.935808E-02,0.000000E+00,0.000000E+00,4.114411E-02,2.572057E+02,1.917094E-01,2.227112E+03,3.707383E+03,1.850388E-01,2.748693E+03,4.114411E-02,0.000000E+00,0.000000E+00,6.935808E-02,4.335807E+02,3.116528E-01,3.625806E+03,6.036754E+03,2.953107E-01,4.448021E+03,6.935808E-02,0.000000E+00,0.000000E+00,4.114411E-02,2.572057E+02,2.088490E-01,2.418415E+03,3.922803E+03,2.257626E-01,3.203415E+03,4.114411E-02,0.000000E+00,0.000000E+00
05:10:00,9.149361E-02,5.695364E+02,3.987260E-01,4.647837E+03,6.988356E+03,9.149361E-02,2.539434E+03,9.149361E-02,0.000000E+00,0.000000E+00,6.935808E-02,4.317454E+02,4.002747E-01,4.615088E+03,8.717321E+03,5.777080E-01,7.602504E+03,6.935808E-02,0.000000E+00,0.000000E+00,4.114411E-02,2.561170E+02,1.911086E-01,2.221495E+03,3.701031E+03,1.850401E-01,2.748708E+03,4.114411E-02,0.000000E+00,0.000000E+00,6.935808E-02,4.317454E+02,3.107564E-01,3.617636E+03,6.027547E+03,2.953130E-01,4.448048E+03,6.935808E-02,0.000000E+00,0.000000E+00,4.114411E-02,2.561170E+02,2.080117E-01,2.410158E+03,3.913622E+03,2.257638E-01,3.203428E+03,4.114411E-02,0.000000E+00,0.000000E+00
05:20:00,9.149361E-02,5.671153E+02,3.981432E-01,4.643752E+03,6.984057E+03,9.149361E-02,2.539434E+03,9.149361E-02,0.000000E+00,0.000000E+00,6.935808E-02,4.299101E+02,3.993263E-01,4.606344E+03,8.705161E+03,5.777105E-01,7.602531E+03,6.935808E-02,0.000000E+00,0.000000E+00,4.114411E-02,2.550282E+02,1.905565E-01,2.216422E+03,3.695260E+03,1.850413E-01,2.748722E+03,4.114411E-02,0.000000E+00,0.000000E+00,6.935808E-02,4.299101E+02,3.099373E-01,3.610329E+03,6.019276E+03,2.953154E-01,4.448074E+03,6.935808E-02,0.000000E+00,0.000000E+00,4.114411E-02,2.550282E+02,2.072402E-01,2.402636E+03,3.905221E+03,2.257650E-01,3.203441E+03,4.114411E-02,0.000000E+00,0.000000E+00
05:30:00,9.149361E-02,5.646943E+02,3.975662E-01,4.639731E+03,6.979826E+03,9.149361E-02,2.539434E+03,9.149361E-02,0.000000E+00,0.000000E+00,6.935808E-02,4.280748E+02,3.985915E-01,4.599981E+03,8.695231E+03,5.777129E-01,7.602558E+03,6.935808E-02,0.000000E+00,0.000000E+00,4.114411E-02,2.539395E+02,1.900544E-01,2.211906E+03,3.690039E+03,1.850426E-01,2.748736E+03,4.114411E-02,0.000000E+00,0.000000E+00,6.935808E-02,4.280748E+02,3.091984E-01,3.603916E+03,6.011898E+03,2.953177E-01,4.448100E+03,6.935808E-02,0.000000E+00,0.000000E+00,4.114411E-02,2.539395E+02,2.065368E-01,2.395873E+03,3.897559E+03,2.257661E-01,3.203455E+03,4.114411E-02,0.000000E+00,0.000000E+00
05:40:00,9.149361E-02,5.622733E+02,3.969953E-01,4.635779E+03,6.975667E+03,9.149361E-02,2.539434E+03,9.149361E-02,0.000000E+00,0.000000E+00,6.935808E-02,4.262395E+02,3.980722E-01,4.596022E+03,8.688192E+03,5.777153E-01,7.602585E+03,6.935808E-02,0.000000E+00,0.000000E+00,4.114411E-02,2.528508E+02,1.896036E-01,2.207963E+03,3.685421E+03,1.850438E-01,2.748749E+03,4.114411E-02,0.000000E+00,0.000000E+00,6.935808E-02,4.262395E+02,3.085415E-01,3.598420E+03,6.005485E+03,2.953201E-01,4.448126E+03,6.935808E-02,0.000000E+00,0.000000E+00,4.114411E-02,2.528508E+02,2.059027E-01,2.389884E+03,3.890700E+03,2.257673E-01,3.203468E+03,4.114411E-02,0.000000E+00,0.000000E+00
05:50:00,9.149361E-02,5.598522E+02,3.964312E-01,4.631902E+03,6.971584E+03,9.149361E-02,2.539434E+03,9.149361E-02,0.000000E+00,0.000000E+00,6.935808E-02,4.244042E+02,3.977705E-01,4.594490E+03,8.684744E+03,5.777176E-01,7.602611E+03,6.935808E-02,0.000000E+00,0.000000E+00,4.114411E-02,2.517621E+02,1.892052E-01,2.204605E+03,3.681477E+03,1.850450E-01,2.748763E+03,4.114411E-02,0.000000E+00,0.000000E+00,6.935808E-02,4.244042E+02,3.079688E-01,3.593862E+03,6.000145E+03,2.953224E-01,4.448152E+03,6.935808E-02,0.000000E+00,0.000000E+00,4.114411E-02,2.517621E+02,2.053395E-01,2.384686E+03,3.884737E+03,2.257685E-01,3.203480E+03,4.114411E-02,0.000000E+00,0.000000E+00
06:00:00,9.149361E-02,5.574312E+02,3.958743E-01,4.628106E+03,6.967586E+03,9.149361E-02,2.539434E+03,9.149361E-02,0.000000E+00,0.000000E+00,6.935808E-02,4.225689E+02,3.976885E-01,4.595408E+03,8.685297E+03,5.777200E-01,7.602637E+03,6.935808E-02,0.000000E+00,0.000000E+00,4.114411E-02,2.506733E+02,1.888606E-01,2.201846E+03,3.678272E+03,1.850463E-01,2.748777E+03,4.114411E-02,0.000000E+00,0.000000E+00,6.935808E-02,4.225689E+02,3.074824E-01,3.590268E+03,5.995977E+03,2.953247E-01,4.448178E+03,6.935808E-02,0.000000E+00,0.000000E+00,4.114411E-02,2.506733E+02,2.048486E-01,2.380295E+03,3.879752E+03,2.257696E-01,3.203493E+03,4.114411E-02,0.000000E+00,0.000000E+00
06:10:00,9.149361E-02,5.489575E+02,3.953269E-01,4.630468E+03,6.969903E+03,9.149361E-02,2.539434E+03,9.149361E-02,0.000000E+00,0.000000E+00,6.935808E-02,4.161454E+02,3.980263E-01,4.605597E+03,8.698535E+03,5.777223E-01,7.602664E+03,6.935808E-02,0.000000E+00,0.000000E+00,4.114411E-02,2.468628E+02,1.889769E-01,2.206955E+03,3.684895E+03,1.850475E-01,2.748790E+03,4.114411E-02,0.000000E+00,0.000000E+00,6.935808E-02,4.161454E+02,3.073647E-01,3.595376E+03,6.002034E+03,2.953269E-01,4.448203E+03,6.935808E-02,0.000000E+00,0.000000E+00,4.114411E-02,2.468628E+02,2.046214E-01,2.381569E+03,3.881467E+03,2.257708E-01,3.203506E+03,4.114411E-02,0.000000E+00,0.000000E+00
06:20:00,9.149361E-02,5.404839E+02,3.947999E-01,4.633058E+03,6.972468E+03,9.149361E-02,2.539434E+03,9.149361E-02,0.000000E+00,0.000000E+00,6.935808E-02,4.097218E+02,3.988334E-01,4.621022E+03,8.717604E+03,5.777246E-01,7.602689E+03,6.935808E-02,0.000000E+00,0.000000E+00,4.114411E-02,2.430522E+02,1.906364E-01,2.229287E+03,3.713719E+03,1.850487E-01,2.748804E+03,4.114411E-02,0.000000E+00,0.000000E+00,6.935808E-02,4.097218E+02,3.079455E-01,3.608281E+03,6.017572E+03,2.953292E-01,4.448228E+03,6.935808E-02,0.000000E+00,0.000000E+00,4.114411E-02,2.430522E+02,2.047107E-01,2.386375E+03,3.887070E+03,2.257719E-01,3.203519E+03,4.114411E-02,0.000000E+00,0.000000E+00
06:30:00,9.149361E-02,5.320103E+02,3.943173E-01,4.636144E+03,6.975574E+03,9.149361E-02,2.539434E+03,9.149361E-02,0.000000E+00,0.000000E+00,6.935808E-02,4.032982E+02,4.001798E-01,4.642459E+03,8.742969E+03,5.777269E-01,7.602715E+03,6.935808E-02,0.000000E+00,0.000000E+00,4.114411E-02,2.392417E+02,1.950015E-01,2.281812E+03,3.778326E+03,1.850499E-01,2.748817E+03,4.114411E-02,0.000000E+00,0.000000E+00,6.935808E-02,4.032982E+02,3.095035E-01,3.632092E+03,6.045437E+03,2.953314E-01,4.448253E+03,6.935808E-02,0.000000E+00,0.000000E+00,4.114411E-02,2.392417E+02,2.051860E-01,2.395489E+03,3.897182E+03,2.257730E-01,3.203531E+03,4.114411E-02,0.000000E+00,0.000000E+00
06:40:00,9.149361E-02,5.235366E+02,3.939140E-01,4.640115E+03,6.979631E+03,9.149361E-02,2.539434E+03,9.149361E-02,0.000000E+00,0.000000E+00,6.935808E-02,3.968747E+02,4.021357E-01,4.670696E+03,8.776618E+03,5.777292E-01,7.602741E+03,6.935808E-02,0.000000E+00,0.000000E+00,4.114411E-02,2.354312E+02,2.019395E-01,2.363047E+03,3.871297E+03,1.850510E-01,2.748830E+03,4.114411E-02,0.000000E+00,0.000000E+00,6.935808E-02,3.968747E+02,3.119822E-01,3.666177E+03,6.083781E+03,2.953337E-01,4.448278E+03,6.935808E-02,0.000000E+00,0.000000E+00,4.114411E-02,2.354312E+02,2.061100E-01,2.409611E+03,3.912685E+03,2.257741E-01,3.203544E+03,4.114411E-02,0.000000E+00,0.000000E+00
06:50:00,9.149361E-02,5.150630E+02,3.936246E-01,4.645358E+03,6.985036E+03,9.149361E-02,2.539434E+03,9.149361E-02,0.000000E+00,0.000000E+00,6.935808E-02,3.904511E+02,4.047122E-01,4.705853E+03,8.819569E+03,5.777315E-01,7.602766E+03,6.935808E-02,0.000000E+00,0.000000E+00,4.114411E-02,2.316206E+02,2.111111E-01,2.469206E+03,3.987286E+03,1.850522E-01,2.748843E+03,4.114411E-02,0.000000E+00,0.000000E+00,6.935808E-02,3.904511E+02,3.151475E-01,3.707924E+03,6.129557E+03,2.953359E-01,4.448303E+03,6.935808E-02,0.000000E+00,0.000000E+00,4.114411E-02,2.316206E+02,2.074761E-01,2.428666E+03,3.933564E+03,2.257752E-01,3.203556E+03,4.114411E-02,0.000000E+00,0.000000E+00
07:00:00,9.149361E-02,5.065894E+02,3.934758E-01,4.652171E+03,6.992091E+03,9.149361E-02,2.539434E+03,9.149361E-02,0.000000E+00,0.000000E+00,6.935808E-02,3.840276E+02,4.079347E-01,4.748217E+03,8.873204E+03,5.777337E-01,7.602791E+03,6.935808E-02,0.000000E+00,0.000000E+00,4.114411E-02,2.278101E+02,2.224142E-01,2.599151E+03,4.128320E+03,1.850534E-01,2.748856E+03,4.114411E-02,0.000000E+00,0.000000E+00,6.935808E-02,3.840276E+02,3.187303E-01,3.754331E+03,6.180385E+03,2.953381E-01,4.448328E+03,6.935808E-02,0.000000E+00,0.000000E+00,4.114411E-02,2.278101E+02,2.092955E-01,2.452781E+03,3.960318E+03,2.257763E-01,3.203568E+03,4.114411E-02,0.000000E+00,0.000000E+00
07:10:00,9.149361E-02,4.860106E+02,3.934824E-01,4.672823E+03,7.013358E+03,9.149361E-02,2.539434E+03,9.149361E-02,0.000000E+00,0.000000E+00,6.935808E-02,3.684275E+02,4.119306E-01,4.808383E+03,8.949869E+03,5.777360E-01,7.602816E+03,6.935808E-02,0.000000E+00,0.000000E+00,4.114411E-02,2.185559E+02,2.353717E-01,2.753003E+03,4.296103E+03,1.850545E-01,2.748869E+03,4.114411E-02,0.000000E+00,0.000000E+00,6.935808E-02,3.684275E+02,3.224092E-01,3.810987E+03,6.242689E+03,2.953403E-01,4.448352E+03,6.935808E-02,0.000000E+00,0.000000E+00,4.114411E-02,2.185559E+02,2.114769E-01,2.486379E+03,3.997439E+03,2.257774E-01,3.203580E+03,4.114411E-02,0.000000E+00,0.000000E+00
07:20:00,9.149361E-02,4.654317E+02,3.936414E-01,4.695176E+03,7.036405E+03,9.149361E-02,2.539434E+03,9.149361E-02,0.000000E+00,0.000000E+00,6.935808E-02,3.528274E+02,4.166681E-01,4.876820E+03,9.035611E+03,5.777382E-01,7.602841E+03,6.935808E-02,0.000000E+00,0.000000E+00,4.114411E-02,2.093018E+02,2.487240E-01,2.911260E+03,4.468198E+03,1.850557E-01,2.748882E+03,4.114411E-02,0.000000E+00,0.000000E+00,6.935808E-02,3.528274E+02,3.257538E-01,3.863914E+03,6.301036E+03,2.953424E-01,4.448376E+03,6.935808E-02,0.000000E+00,0.000000E+00,4.114411E-02,2.093018E+02,2.139754E-01,2.523516E+03,4.038328E+03,2.257785E-01,3.203592E+03,4.114411E-02,0.000000E+00,0.000000E+00
07:30:00,9.149361E-02,4.448529E+02,3.939134E-01,4.718802E+03,7.060738E+03,9.149361E-02,2.539434E+03,9.149361E-02,0.000000E+00,0.000000E+00,6.935808E-02,3.372273E+02,4.219895E-01,4.951849E+03,9.123955E+03,5.777404E-01,7.602865E+03,6.935808E-02,0.000000E+00,0.000000E+00,4.114411E-02,2.000476E+02,2.611159E-01,3.058830E+03,4.625022E+03,1.850568E-01,2.748895E+03,4.114411E-02,0.000000E+00,0.000000E+00,6.935808E-02,3.372273E+02,3.284952E-01,3.910136E+03,6.351324E+03,2.953446E-01,4.448400E+03,6.935808E-02,0.000000E+00,0.000000E+00,4.114411E-02,2.000476E+02,2.167073E-01,2.563277E+03,4.081059E+03,2.257796E-01,3.203604E+03,4.114411E-02,0.000000E+00,0.000000E+00
07:40:00,9.149361E-02,4.242741E+02,3.942817E-01,4.743515E+03,7.086258E+03,9.149361E-02,2.539434E+03,9.149361E-02,0.000000E+00,0.000000E+00,6.935808E-02,3.216272E+02,4.279515E-01,5.034123E+03,9.225704E+03,5.777426E-01,7.602890E+03,6.935808E-02,0.000000E+00,0.000000E+00,4.114411E-02,1.907934E+02,2.725380E-01,3.195618E+03,4.775532E+03,1.850580E-01,2.748907E+03,4.114411E-02,0.000000E+00,0.000000E+00,6.935808E-02,3.216272E+02,3.309299E-01,3.952969E+03,6.399089E+03,2.953467E-01,4.448424E+03,6.935808E-02,0.000000E+00,0.000000E+00,4.114411E-02,1.907934E+02,2.196471E-01,2.605380E+03,4.127620E+03,2.257806E-01,3.203616E+03,4.114411E-02,0.000000E+00,0.000000E+00
07:50:00,9.149361E-02,4.036953E+02,3.947142E-01,4.768945E+03,7.112452E+03,9.149361E-02,2.539434E+03,9.149361E-02,0.000000E+00,0.000000E+00,6.935808E-02,3.060272E+02,4.346913E-01,5.125087E+03,9.331801E+03,5.777447E-01,7.602914E+03,6.935808E-02,0.000000E+00,0.000000E+00,4.114411E-02,1.815393E+02,2.834303E-01,3.326510E+03,4.908881E+03,1.850591E-01,2.748920E+03,4.114411E-02,0.000000E+00,0.000000E+00,6.935808E-02,3.060272E+02,3.335350E-01,3.997705E+03,6.446034E+03,2.953488E-01,4.448447E+03,6.935808E-02,0.000000E+00,0.000000E+00,4.114411E-02,1.815393E+02,2.229569E-01,2.651616E+03,4.176372E+03,2.257817E-01,3.203628E+03,4.114411E-02,0.000000E+00,0.000000E+00
08:00:00,9.149361E-02,3.831165E+02,3.951843E-01,4.794796E+03,7.139086E+03,9.149361E-02,2.539434E+03,9.149361E-02,0.000000E+00,0.000000E+00,6.935808E-02,2.904271E+02,4.420812E-01,5.223312E+03,9.451135E+03,5.777469E-01,7.602938E+03,6.935808E-02,0.000000E+00,0.000000E+00,4.114411E-02,1.722851E+02,2.935130E-01,3.448375E+03,5.034882E+03,1.850602E-01,2.748932E+03,4.114411E-02,0.000000E+00,0.000000E+00,6.935808E-02,2.904271E+02,3.365120E-01,4.046595E+03,6.497294E+03,2.953509E-01,4.448471E+03,6.935808E-02,0.000000E+00,0.000000E+00,4.114411E-02,1.722851E+02,2.265100E-01,2.700570E+03,4.228386E+03,2.257827E-01,3.203640E+03,4.114411E-02,0.000000E+00,0.000000E+00
08:10:00,9.149361E-02,3.601166E+02,3.956787E-01,4.823338E+03,7.168470E+03,9.149361E-02,2.539434E+03,9.149361E-02,0.000000E+00,0.000000E+00,6.935808E-02,2.729917E+02,4.496892E-01,5.325814E+03,9.576344E+03,5.777490E-01,7.602962E+03,6.935808E-02,0.000000E+00,0.000000E+00,4.114411E-02,1.619422E+02,3.026889E-01,3.561213E+03,5.152790E+03,1.850613E-01,2.748945E+03,4.114411E-02,0.000000E+00,0.000000E+00,6.935808E-02,2.729917E+02,3.398777E-01,4.101659E+03,6.555241E+03,2.953530E-01,4.448494E+03,6.935808E-02,0.000000E+00,0.000000E+00,4.114411E-02,1.619422E+02,2.301773E-01,2.751889E+03,4.283067E+03,2.257838E-01,3.203651E+03,4.114411E-02,0.000000E+00,0.000000E+00
08:20:00,9.149361E-02,3.371167E+02,3.961984E-01,4.852164E+03,7.198140E+03,9.149361E-02,2.539434E+03,9.149361E-02,0.000000E+00,0.000000E+00,6.935808E-02,2.555563E+02,4.574956E-01,5.430540E+03,9.704260E+03,5.777511E-01,7.602985E+03,6.935808E-02,0.000000E+00,0.000000E+00,4.114411E-02,1.515993E+02,3.110059E-01,3.664469E+03,5.261601E+03,1.850624E-01,2.748957E+03,4.114411E-02,0.000000E+00,0.000000E+00,6.935808E-02,2.555563E+02,3.437428E-01,4.162298E+03,6.619910E+03,2.953550E-01,4.448517E+03,6.935808E-02,0.000000E+00,0.000000E+00,4.114411E-02,1.515993E+02,2.339464E-01,2.804346E+03,4.339209E+03,2.257848E-01,3.203663E+03,4.114411E-02,0.000000E+00,0.000000E+00
08:30:00,9.149361E-02,3.141169E+02,3.967746E-01,4.881609E+03,7.228468E+03,9.149361E-02,2.539434E+03,9.149361E-02,0.000000E+00,0.000000E+00,6.935808E-02,2.381209E+02,4.655824E-01,5.538314E+03,9.836129E+03,5.777532E-01,7.603009E+03,6.935808E-02,0.000000E+00,0.000000E+00,4.114411E-02,1.412564E+02,3.185277E-01,3.758819E+03,5.361525E+03,1.850635E-01,2.748969E+03,4.114411E-02,0.000000E+00,0.000000E+00,6.935808E-02,2.381209E+02,3.481026E-01,4.228432E+03,6.691280E+03,2.953571E-01,4.448540E+03,6.935808E-02,0.000000E+00,0.000000E+00,4.114411E-02,1.412564E+02,2.378304E-01,2.858068E+03,4.396901E+03,2.257858E-01,3.203674E+03,4.114411E-02,0.000000E+00,0.000000E+00
08:40:00,9.149361E-02,2.911170E+02,3.974071E-01,4.911671E+03,7.259437E+03,9.149361E-02,2.539434E+03,9.149361E-02,0.000000E+00,0.000000E+00,6.935808E-02,2.206856E+02,4.738194E-01,5.647662E+03,9.969813E+03,5.777553E-01,7.603032E+03,6.935808E-02,0.000000E+00,0.000000E+00,4.114411E-02,1.309135E+02,3.252743E-01,3.844482E+03,5.452486E+03,1.850646E-01,2.748981E+03,4.114411E-02,0.000000E+00,0.000000E+00,6.935808E-02,2.206856E+02,3.527196E-01,4.297406E+03,6.765917E+03,2.953591E-01,4.448563E+03,6.935808E-02,0.000000E+00,0.000000E+00,4.114411E-02,1.309135E+02,2.417911E-01,2.912623E+03,4.455553E+03,2.257868E-01,3.203686E+03,4.114411E-02,0.000000E+00,0.000000E+00
08:50:00,9.149361E-02,2.681172E+02,3.981105E-01,4.942524E+03,7.291221E+03,9.149361E-02,2.539434E+03,9.149361E-02,0.000000E+00,0.000000E+00,6.935808E-02,2.032502E+02,4.820532E-01,5.756966E+03,1.010276E+04,5.777574E-01,7.603056E+03,6.935808E-02,0.000000E+00,0.000000E+00,4.114411E-02,1.205706E+02,3.310217E-01,3.918985E+03,5.531254E+03,1.850656E-01,2.748993E+03,4.114411E-02,0.000000E+00,0.000000E+00,6.935808E-02,2.032502E+02,3.573519E-01,4.366550E+03,6.840377E+03,2.953612E-01,4.448585E+03,6.935808E-02,0.000000E+00,0.000000E+00,4.114411E-02,1.205706E+02,2.456714E-01,2.966281E+03,4.512898E+03,2.257878E-01,3.203697E+03,4.114411E-02,0.000000E+00,0.000000E+00
09:00:00,9.149361E-02,2.451173E+02,3.988990E-01,4.974326E+03,7.323993E+03,9.149361E-02,2.539434E+03,9.149361E-02,0.000000E+00,0.000000E+00,6.935808E-02,1.858148E+02,4.903801E-01,5.867310E+03,1.023680E+04,5.777595E-01,7.603079E+03,6.935808E-02,0.000000E+00,0.000000E+00,4.114411E-02,1.102277E+02,3.360363E-01,3.985308E+03,5.601429E+03,1.850667E-01,2.749005E+03,4.114411E-02,0.000000E+00,0.000000E+00,6.935808E-02,1.858148E+02,3.620662E-01,4.436609E+03,6.915734E+03,2.953632E-01,4.448608E+03,6.935808E-02,0.000000E+00,0.000000E+00,4.114411E-02,1.102277E+02,2.495843E-01,3.020301E+03,4.570598E+03,2.257888E-01,3.203708E+03,4.114411E-02,0.000000E+00,0.000000E+00
09:10:00,9.149361E-02,2.245385E+02,3.997824E-01,5.004768E+03,7.355390E+03,9.149361E-02,2.539434E+03,9.149361E-02,0.000000E+00,0.000000E+00,6.935808E-02,1.702147E+02,4.986062E-01,5.974692E+03,1.036685E+04,5.777615E-01,7.603101E+03,6.935808E-02,0.000000E+00,0.000000E+00,4.114411E-02,1.009736E+02,3.403193E-01,4.042374E+03,5.661855E+03,1.850678E-01,2.749017E+03,4.114411E-02,0.000000E+00,0.000000E+00,6.935808E-02,1.702147E+02,3.667918E-01,4.504958E+03,6.989157E+03,2.953652E-01,4.448630E+03,6.935808E-02,0.000000E+00,0.000000E+00,4.114411E-02,1.009736E+02,2.534802E-01,3.073044E+03,4.626861E+03,2.257898E-01,3.203719E+03,4.114411E-02,0.000000E+00,0.000000E+00
09:20:00,9.149361E-02,2.039597E+02,4.007627E-01,5.036291E+03,7.387919E+03,9.149361E-02,2.539434E+03,9.149361E-02,0.000000E+00,0.000000E+00,6.935808E-02,1.546146E+02,5.067260E-01,6.080889E+03,1.049552E+04,5.777635E-01,7.603124E+03,6.935808E-02,0.000000E+00,0.000000E+00,4.114411E-02,9.171939E+01,3.438903E-01,4.091493E+03,5.713926E+03,1.850688E-01,2.749029E+03,4.114411E-02,0.000000E+00,0.000000E+00,6.935808E-02,1.546146E+02,3.715072E-01,4.573195E+03,7.062387E+03,2.953671E-01,4.448652E+03,6.935808E-02,0.000000E+00,0.000000E+00,4.114411E-02,9.171939E+01,2.573519E-01,3.125516E+03,4.682822E+03,2.257908E-01,3.203730E+03,4.114411E-02,0.000000E+00,0.000000E+00
09:30:00,9.149361E-02,1.833808E+02,4.018329E-01,5.068818E+03,7.421497E+03,9.149361E-02,2.539434E+03,9.149361E-02,0.000000E+00,0.000000E+00,6.935808E-02,1.390146E+02,5.147430E-01,6.185940E+03,1.062267E+04,5.777656E-01,7.603147E+03,6.935808E-02,0.000000E+00,0.000000E+00,4.114411E-02,8.246522E+01,3.467870E-01,4.133085E+03,5.758081E+03,1.850699E-01,2.749040E+03,4.114411E-02,0.000000E+00,0.000000E+00,6.935808E-02,1.390146E+02,3.762015E-01,4.641196E+03,7.135312E+03,2.953691E-01,4.448674E+03,6.935808E-02,0.000000E+00,0.000000E+00,4.114411E-02,8.246522E+01,2.611929E-01,3.177646E+03,4.738405E+03,2.257918E-01,3.203741E+03,4.114411E-02,0.000000E+00,0.000000E+00
09:40:00,9.149361E-02,1.628020E+02,4.029827E-01,5.102234E+03,7.456000E+03,9.149361E-02,2.539434E+03,9.149361E-02,0.000000E+00,0.000000E+00,6.935808E-02,1.234145E+02,5.226551E-01,6.289820E+03,1.074776E+04,5.777676E-01,7.603169E+03,6.935808E-02,0.000000E+00,0.000000E+00,4.114411E-02,7.321105E+01,3.488334E-01,4.165185E+03,5.791989E+03,1.850709E-01,2.749052E+03,4.114411E-02,0.000000E+00,0.000000E+00,6.935808E-02,1.234145E+02,3.808659E-01,4.708863E+03,7.207778E+03,2.953711E-01,4.448696E+03,6.935808E-02,0.000000E+00,0.000000E+00,4.114411E-02,7.321105E+01,2.649968E-01,3.229361E+03,4.793480E+03,2.257928E-01,3.203752E+03,4.114411E-02,0.000000E+00,0.000000E+00
09:50:00,9.149361E-02,1.422232E+02,4.042013E-01,5.136417E+03,7.491296E+03,9.149361E-02,2.539434E+03,9.149361E-02,0.000000E+00,0.000000E+00,6.935808E-02,1.078144E+02,5.304838E-01,6.392768E+03,1.087097E+04,5.777695E-01,7.603191E+03,6.935808E-02,0.000000E+00,0.000000E+00,4.114411E-02,6.395689E+01,3.498189E-01,4.185442E+03,5.813619E+03,1.850719E-01,2.749063E+03,4.114411E-02,0.000000E+00,0.000000E+00,6.935808E-02,1.078144E+02,3.854920E-01,4.776103E+03,7.279651E+03,2.953730E-01,4.448717E+03,6.935808E-02,0.000000E+00,0.000000E+00,4.114411E-02,6.395689E+01,2.687573E-01,3.280592E+03,4.847942E+03,2.257937E-01,3.203763E+03,4.114411E-02,0.000000E+00,0.000000E+00
10:00:00,9.149361E-02,1.216444E+02,4.054786E-01,5.171256E+03,7.527267E+03,9.149361E-02,2.539434E+03,9.149361E-02,0.000000E+00,0.000000E+00,6.935808E-02,9.221432E+01,5.383758E-01,6.496424E+03,1.099438E+04,5.777715E-01,7.603213E+03,6.935808E-02,0.000000E+00,0.000000E+00,4.114411E-02,5.470272E+01,3.495936E-01,4.192185E+03,5.821694E+03,1.850729E-01,2.749075E+03,4.114411E-02,0.000000E+00,0.000000E+00,6.935808E-02,9.221432E+01,3.902065E-01,4.844330E+03,7.352650E+03,2.953749E-01,4.448739E+03,6.935808E-02,0.000000E+00,0.000000E+00,4.114411E-02,5.470272E+01,2.726252E-01,3.333021E+03,4.903781E+03,2.257947E-01,3.203773E+03,4.114411E-02,0.000000E+00,0.000000E+00
10:10:00,9.149361E-02,1.034866E+02,4.068060E-01,5.204233E+03,7.561332E+03,9.149361E-02,2.539434E+03,9.149361E-02,0.000000E+00,0.000000E+00,6.935808E-02,7.844954E+01,5.462325E-01,6.597850E+03,1.111381E+04,5.777735E-01,7.603235E+03,6.935808E-02,0.000000E+00,0.000000E+00,4.114411E-02,4.653728E+01,3.482909E-01,4.185813E+03,5.816749E+03,1.850740E-01,2.749086E+03,4.114411E-02,0.000000E+00,0.000000E+00,6.935808E-02,7.844954E+01,3.948874E-01,4.910346E+03,7.422841E+03,2.953768E-01,4.448760E+03,6.935808E-02,0.000000E+00,0.000000E+00,4.114411E-02,4.653728E+01,2.764567E-01,3.383957E+03,4.957473E+03,2.257956E-01,3.203784E+03,4.114411E-02,0.000000E+00,0.000000E+00
10:20:00,9.149361E-02,8.532881E+01,4.081752E-01,5.237676E+03,7.595875E+03,9.149361E-02,2.539434E+03,9.149361E-02,0.000000E+00,0.000000E+00,6.935808E-02,6.468477E+01,5.540358E-01,6.698680E+03,1.123288E+04,5.777754E-01,7.603257E+03,6.935808E-02,0.000000E+00,0.000000E+00,4.114411E-02,3.837184E+01,3.459246E-01,4.167569E+03,5.798943E+03,1.850750E-01,2.749097E+03,4.114411E-02,0.000000E+00,0.000000E+00,6.935808E-02,6.468477E+01,3.995084E-01,4.975694E+03,7.492269E+03,2.953787E-01,4.448781E+03,6.935808E-02,0.000000E+00,0.000000E+00,4.114411E-02,3.837184E+01,2.802311E-01,3.434254E+03,5.010507E+03,2.257966E-01,3.203794E+03,4.114411E-02,0.000000E+00,0.000000E+00
10:30:00,9.149361E-02,6.717103E+01,4.095781E-01,5.271496E+03,7.630798E+03,9.149361E-02,2.539434E+03,9.149361E-02,0.000000E+00,0.000000E+00,6.935808E-02,5.091999E+01,5.617776E-01,6.798825E+03,1.135183E+04,5.777773E-01,7.603278E+03,6.935808E-02,0.000000E+00,0.000000E+00,4.114411E-02,3.020639E+01,3.424956E-01,4.137461E+03,5.767698E+03,1.850760E-01,2.749108E+03,4.114411E-02,0.000000E+00,0.000000E+00,6.935808E-02,5.091999E+01,4.040597E-01,5.040262E+03,7.561089E+03,2.953806E-01,4.448802E+03,6.935808E-02,0.000000E+00,0.000000E+00,4.114411E-02,3.020639E+01,2.839393E-01,3.483813E+03,5.063069E+03,2.257975E-01,3.203805E+03,4.114411E-02,0.000000E+00,0.000000E+00
10:40:00,9.149361E-02,4.901325E+01,4.110072E-01,5.305610E+03,7.666017E+03,9.149361E-02,2.539434E+03,9.149361E-02,0.000000E+00,0.000000E+00,6.935808E-02,3.715521E+01,5.694523E-01,6.898220E+03,1.146986E+04,5.777793E-01,7.603300E+03,6.935808E-02,0.000000E+00,0.000000E+00,4.114411E-02,2.204095E+01,3.382189E-01,4.097891E+03,5.725840E+03,1.850769E-01,2.749119E+03,4.114411E-02,0.000000E+00,0.000000E+00,6.935808E-02,3.715521E+01,4.085334E-01,5.103966E+03,7.629093E+03,2.953824E-01,4.448823E+03,6.935808E-02,0.000000E+00,0.000000E+00,4.114411E-02,2.204095E+01,2.875741E-01,3.532551E+03,5.114908E+03,2.257985E-01,3.203815E+03,4.114411E-02,0.000000E+00,0.000000E+00
10:50:00,9.149361E-02,3.085546E+01,4.124563E-01,5.339946E+03,7.701461E+03,9.149361E-02,2.539434E+03,9.149361E-02,0.000000E+00,0.000000E+00,6.935808E-02,2.339044E+01,5.770310E-01,6.996545E+03,1.158616E+04,5.777812E-01,7.603321E+03,6.935808E-02,0.000000E+00,0.000000E+00,4.114411E-02,1.387551E+01,3.333553E-01,4.051770E+03,5.676845E+03,1.850779E-01,2.749130E+03,4.114411E-02,0.000000E+00,0.000000E+00,6.935808E-02,2.339044E+01,4.129243E-01,5.166746E+03,7.696102E+03,2.953843E-01,4.448844E+03,6.935808E-02,0.000000E+00,0.000000E+00,4.114411E-02,1.387551E+01,2.911295E-01,3.580405E+03,5.165825E+03,2.257994E-01,3.203826E+03,4.114411E-02,0.000000E+00,0.000000E+00
11:00:00,9.149361E-02,1.269768E+01,4.139198E-01,5.374443E+03,7.737062E+03,9.149361E-02,2.539434E+03,9.149361E-02,0.000000E+00,0.000000E+00,6.935808E-02,9.625663E+00,5.843591E-01,7.092073E+03,1.169802E+04,5.777830E-01,7.603342E+03,6.935808E-02,0.000000E+00,0.000000E+00,4.114411E-02,5.710067E+00,3.281102E-01,4.001389E+03,5.623411E+03,1.850789E-01,2.749141E+03,4.114411E-02,0.000000E+00,0.000000E+00,6.935808E-02,9.625663E+00,4.170938E-01,5.227054E+03,7.760078E+03,2.953861E-01,4.448864E+03,6.935808E-02,0.000000E+00,0.000000E+00,4.114411E-02,5.710067E+00,2.944443E-01,3.625573E+03,5.213501E+03,2.258003E-01,3.203836E+03,4.114411E-02,0.000000E+00,0.000000E+00
11:10:00,9.149361E-02,5.924903E-01,4.153921E-01,5.402985E+03,7.766559E+03,9.149361E-02,2.539434E+03,9.149361E-02,0.000000E+00,0.000000E+00,6.935808E-02,4.491460E-01,5.913784E-01,7.179569E+03,1.180046E+04,5.777849E-01,7.603363E+03,6.935808E-02,0.000000E+00,0.000000E+00,4.114411E-02,2.664392E-01,3.223817E-01,3.942890E+03,5.561255E+03,1.850799E-01,2.749152E+03,4.114411E-02,0.000000E+00,0.000000E+00,6.935808E-02,4.491460E-01,4.210987E-01,5.280937E+03,7.817209E+03,2.953880E-01,4.448885E+03,6.935808E-02,0.000000E+00,0.000000E+00,4.114411E-02,2.664392E-01,2.976054E-01,3.666302E+03,5.256443E+03,2.258012E-01,3.203846E+03,4.114411E-02,0.000000E+00,0.000000E+00
11:20:00,9.149361E-02,0.000000E+00,4.168681E-01,5.431569E+03,7.796088E+03,9.149361E-02,2.539434E+03,9.149361E-02,0.000000E+00,0.000000E+00,6.935808E-02,0.000000E+00,5.980913E-01,7.263646E+03,1.190024E+04,5.777868E-01,7.603384E+03,6.935808E-02,0.000000E+00,0.000000E+00,4.114411E-02,0.000000E+00,3.162412E-01,3.879793E+03,5.494156E+03,1.850808E-01,2.749163E+03,4.114411E-02,0.000000E+00,0.000000E+00,6.935808E-02,0.000000E+00,4.249525E-01,5.333132E+03,7.872690E+03,2.953898E-01,4.448905E+03,6.935808E-02,0.000000E+00,0.000000E+00,4.114411E-02,0.000000E+00,3.006232E-01,3.705433E+03,5.297852E+03,2.258021E-01,3.203856E+03,4.114411E-02,0.000000E+00,0.000000E+00
11:30:00,9.149361E-02,0.000000E+00,4.183436E-01,5.460147E+03,7.825607E+03,9.149361E-02,2.539434E+03,9.149361E-02,0.000000E+00,0.000000E+00,6.935808E-02,0.000000E+00,6.044887E-01,7.344202E+03,1.199658E+04,5.777886E-01,7.603404E+03,6.935808E-02,0.000000E+00,0.000000E+00,4.114411E-02,0.000000E+00,3.097934E-01,3.813264E+03,5.423275E+03,1.850818E-01,2.749173E+03,4.114411E-02,0.000000E+00,0.000000E+00,6.935808E-02,0.000000E+00,4.286545E-01,5.383635E+03,7.926510E+03,2.953916E-01,4.448925E+03,6.935808E-02,0.000000E+00,0.000000E+00,4.114411E-02,0.000000E+00,3.034986E-01,3.742974E+03,5.337709E+03,2.258030E-01,3.203866E+03,4.114411E-02,0.000000E+00,0.000000E+00
11:40:00,9.149361E-02,0.000000E+00,4.198156E-01,5.488685E+03,7.855077E+03,9.149361E-02,2.539434E+03,9.149361E-02,0.000000E+00,0.000000E+00,6.935808E-02,0.000000E+00,6.105635E-01,7.421160E+03,1.208811E+04,5.777905E-01,7.603425E+03,6.935808E-02,0.000000E+00,0.000000E+00,4.114411E-02,0.000000E+00,3.039942E-01,3.753975E+03,5.360666E+03,1.850827E-01,2.749184E+03,4.114411E-02,0.000000E+00,0.000000E+00,6.935808E-02,0.000000E+00,4.322044E-01,5.432438E+03,7.978493E+03,2.953934E-01,4.448945E+03,6.935808E-02,0.000000E+00,0.000000E+00,4.114411E-02,0.000000E+00,3.062324E-01,3.778935E+03,5.375862E+03,2.258039E-01,3.203876E+03,4.114411E-02,0.000000E+00,0.000000E+00
11:50:00,9.149361E-02,0.000000E+00,4.212839E-01,5.517183E+03,7.884504E+03,9.149361E-02,2.539434E+03,9.149361E-02,0.000000E+00,0.000000E+00,6.935808E-02,0.000000E+00,6.163127E-01,7.494485E+03,1.217438E+04,5.777923E-01,7.603445E+03,6.935808E-02,0.000000E+00,0.000000E+00,4.114411E-02,0.000000E+00,2.992211E-01,3.706139E+03,5.308278E+03,1.850837E-01,2.749194E+03,4.114411E-02,0.000000E+00,0.000000E+00,6.935808E-02,0.000000E+00,4.356037E-01,5.479561E+03,8.028564E+03,2.953951E-01,4.448965E+03,6.935808E-02,0.000000E+00,0.000000E+00,4.114411E-02,0.000000E+00,3.088264E-01,3.813335E+03,5.412250E+03,2.258048E-01,3.203886E+03,4.114411E-02,0.000000E+00,0.000000E+00
12:00:00,9.149361E-02,0.000000E+00,4.227499E-01,5.545656E+03,7.913899E+03,9.149361E-02,2.539434E+03,9.149361E-02,0.000000E+00,0.000000E+00,6.935808E-02,0.000000E+00,6.217362E-01,7.564176E+03,1.225530E+04,5.777941E-01,7.603465E+03,6.935808E-02,0.000000E+00,0.000000E+00,4.114411E-02,0.000000E+00,2.955978E-01,3.671135E+03,5.267330E+03,1.850846E-01,2.749205E+03,4.114411E-02,0.000000E+00,0.000000E+00,6.935808E-02,0.000000E+00,4.388564E-01,5.525046E+03,8.076711E+03,2.953969E-01,4.448984E+03,6.935808E-02,0.000000E+00,0.000000E+00,4.114411E-02,0.000000E+00,3.112835E-01,3.846207E+03,5.446866E+03,2.258056E-01,3.203895E+03,4.114411E-02,0.000000E+00,0.000000E+00
12:10:00,9.149361E-02,0.000000E+00,4.242153E-01,5.571700E+03,7.940802E+03,9.149361E-02,2.539434E+03,9.149361E-02,0.000000E+00,0.000000E+00,6.935808E-02,0.000000E+00,6.269848E-01,7.630080E+03,1.233177E+04,5.777959E-01,7.603485E+03,6.935808E-02,0.000000E+00,0.000000E+00,4.114411E-02,0.000000E+00,2.932395E-01,3.649164E+03,5.240065E+03,1.850855E-01,2.749215E+03,4.114411E-02,0.000000E+00,0.000000E+00,6.935808E-02,0.000000E+00,4.420201E-01,5.567704E+03,8.121864E+03,2.953986E-01,4.449004E+03,6.935808E-02,0.000000E+00,0.000000E+00,4.114411E-02,0.000000E+00,3.136530E-01,3.877011E+03,5.479288E+03,2.258065E-01,3.203905E+03,4.114411E-02,0.000000E+00,0.000000E+00
12:20:00,9.149361E-02,0.000000E+00,4.256815E-01,5.597753E+03,7.967705E+03,9.149361E-02,2.539434E+03,9.149361E-02,0.000000E+00,0.000000E+00,6.935808E-02,0.000000E+00,6.320644E-01,7.694098E+03,1.240653E+04,5.777977E-01,7.603505E+03,6.935808E-02,0.000000E+00,0.000000E+00,4.114411E-02,0.000000E+00,2.921964E-01,3.641872E+03,5.229725E+03,1.850864E-01,2.749225E+03,4.114411E-02,0.000000E+00,0.000000E+00,6.935808E-02,0.000000E+00,4.451056E-01,5.609488E+03,8.166141E+03,2.954004E-01,4.449023E+03,6.935808E-02,0.000000E+00,0.000000E+00,4.114411E-02,0.000000E+00,3.159437E-01,3.906937E+03,5.510840E+03,2.258074E-01,3.203915E+03,4.114411E-02,0.000000E+00,0.000000E+00
12:30:00,9.149361E-02,0.000000E+00,4.271496E-01,5.623828E+03,7.994631E+03,9.149361E-02,2.539434E+03,9.149361E-02,0.000000E+00,0.000000E+00,6.935808E-02,0.000000E+00,6.369813E-01,7.756301E+03,1.247937E+04,5.777994E-01,7.603525E+03,6.935808E-02,0.000000E+00,0.000000E+00,4.114411E-02,0.000000E+00,2.924741E-01,3.649324E+03,5.237055E+03,1.850874E-01,2.749235E+03,4.114411E-02,0.000000E+00,0.000000E+00,6.935808E-02,0.000000E+00,4.481227E-01,5.650509E+03,8.209653E+03,2.954021E-01,4.449042E+03,6.935808E-02,0.000000E+00,0.000000E+00,4.114411E-02,0.000000E+00,3.181649E-01,3.936087E+03,5.541611E+03,2.258082E-01,3.203924E+03,4.114411E-02,0.000000E+00,0.000000E+00
12:40:00,9.149361E-02,0.000000E+00,4.286194E-01,5.649921E+03,8.021570E+03,9.149361E-02,2.539434E+03,9.149361E-02,0.000000E+00,0.000000E+00,6.935808E-02,0.000000E+00,6.417412E-01,7.816751E+03,1.254988E+04,5.778012E-01,7.603544E+03,6.935808E-02,0.000000E+00,0.000000E+00,4.114411E-02,0.000000E+00,2.932142E-01,3.661937E+03,5.250277E+03,1.850883E-01,2.749246E+03,4.114411E-02,0.000000E+00,0.000000E+00,6.935808E-02,0.000000E+00,4.510804E-01,5.690867E+03,8.252435E+03,2.954038E-01,4.449061E+03,6.935808E-02,0.000000E+00,0.000000E+00,4.114411E-02,0.000000E+00,3.203258E-01,3.964563E+03,5.571640E+03,2.258091E-01,3.203934E+03,4.114411E-02,0.000000E+00,0.000000E+00
12:50:00,9.149361E-02,0.000000E+00,4.300877E-01,5.675998E+03,8.048494E+03,9.149361E-02,2.539434E+03,9.149361E-02,0.000000E+00,0.000000E+00,6.935808E-02,0.000000E+00,6.463467E-01,7.875480E+03,1.261793E+04,5.778029E-01,7.603564E+03,6.935808E-02,0.000000E+00,0.000000E+00,4.114411E-02,0.000000E+00,2.941229E-01,3.676433E+03,5.265451E+03,1.850892E-01,2.749256E+03,4.114411E-02,0.000000E+00,0.000000E+00,6.935808E-02,0.000000E+00,4.539845E-01,5.730625E+03,8.294519E+03,2.954055E-01,4.449080E+03,6.935808E-02,0.000000E+00,0.000000E+00,4.114411E-02,0.000000E+00,3.224345E-01,3.992457E+03,5.600991E+03,2.258099E-01,3.203943E+03,4.114411E-02,0.000000E+00,0.000000E+00
13:00:00,9.149361E-02,0.000000E+00,4.315497E-01,5.702004E+03,8.075339E+03,9.149361E-02,2.539434E+03,9.149361E-02,0.000000E+00,0.000000E+00,6.935808E-02,0.000000E+00,6.507973E-01,7.932480E+03,1.268350E+04,5.778046E-01,7.603583E+03,6.935808E-02,0.000000E+00,0.000000E+00,4.114411E-02,0.000000E+00,2.951434E-01,3.692178E+03,5.281899E+03,1.850900E-01,2.749266E+03,4.114411E-02,0.000000E+00,0.000000E+00,6.935808E-02,0.000000E+00,4.568369E-01,5.769808E+03,8.335908E+03,2.954072E-01,4.449099E+03,6.935808E-02,0.000000E+00,0.000000E+00,4.114411E-02,0.000000E+00,3.244966E-01,4.019830E+03,5.629717E+03,2.258107E-01,3.203953E+03,4.114411E-02,0.000000E+00,0.000000E+00
13:10:00,9.149361E-02,0.000000E+00,4.330222E-01,5.724497E+03,8.098795E+03,9.149361E-02,2.539434E+03,9.149361E-02,0.000000E+00,0.000000E+00,6.935808E-02,0.000000E+00,6.551826E-01,7.985997E+03,1.274781E+04,5.778064E-01,7.603602E+03,6.935808E-02,0.000000E+00,0.000000E+00,4.114411E-02,0.000000E+00,2.962599E-01,3.707362E+03,5.298206E+03,1.850909E-01,2.749275E+03,4.114411E-02,0.000000E+00,0.000000E+00,6.935808E-02,0.000000E+00,4.596693E-01,5.806012E+03,8.375085E+03,2.954088E-01,4.449118E+03,6.935808E-02,0.000000E+00,0.000000E+00,4.114411E-02,0.000000E+00,3.265304E-01,4.045254E+03,5.656996E+03,2.258116E-01,3.203962E+03,4.114411E-02,0.000000E+00,0.000000E+00
13:20:00,9.149361E-02,0.000000E+00,4.344632E-01,5.746613E+03,8.121959E+03,9.149361E-02,2.539434E+03,9.149361E-02,0.000000E+00,0.000000E+00,6.935808E-02,0.000000E+00,6.592978E-01,8.036241E+03,1.280887E+04,5.778081E-01,7.603621E+03,6.935808E-02,0.000000E+00,0.000000E+00,4.114411E-02,0.000000E+00,2.973963E-01,3.722722E+03,5.314874E+03,1.850918E-01,2.749285E+03,4.114411E-02,0.000000E+00,0.000000E+00,6.935808E-02,0.000000E+00,4.623975E-01,5.840984E+03,8.413369E+03,2.954105E-01,4.449136E+03,6.935808E-02,0.000000E+00,0.000000E+00,4.114411E-02,0.000000E+00,3.284861E-01,4.069755E+03,5.683605E+03,2.258124E-01,3.203971E+03,4.114411E-02,0.000000E+00,0.000000E+00
13:30:00,9.149361E-02,0.000000E+00,4.358886E-01,5.768554E+03,8.144609E+03,9.149361E-02,2.539434E+03,9.149361E-02,0.000000E+00,0.000000E+00,6.935808E-02,0.000000E+00,6.632220E-01,8.084302E+03,1.286483E+04,5.778098E-01,7.603640E+03,6.935808E-02,0.000000E+00,0.000000E+00,4.114411E-02,0.000000E+00,2.985525E-01,3.738295E+03,5.331279E+03,1.850927E-01,2.749295E+03,4.114411E-02,0.000000E+00,0.000000E+00,6.935808E-02,0.000000E+00,4.650525E-01,5.875127E+03,8.449478E+03,2.954121E-01,4.449154E+03,6.935808E-02,0.000000E+00,0.000000E+00,4.114411E-02,0.000000E+00,3.309822E-01,4.100279E+03,5.716932E+03,2.258132E-01,3.203980E+03,4.114411E-02,0.000000E+00,0.000000E+00
13:40:00,9.149361E-02,0.000000E+00,4.372892E-01,5.790217E+03,8.166969E+03,9.149361E-02,2.539434E+03,9.149361E-02,0.000000E+00,0.000000E+00,6.935808E-02,0.000000E+00,6.669104E-01,8.129720E+03,1.291815E+04,5.778114E-01,7.603659E+03,6.935808E-02,0.000000E+00,0.000000E+00,4.114411E-02,0.000000E+00,2.996982E-01,3.753748E+03,5.347609E+03,1.850935E-01,2.749305E+03,4.114411E-02,0.000000E+00,0.000000E+00,6.935808E-02,0.000000E+00,4.676101E-01,5.908180E+03,8.484507E+03,2.954138E-01,4.449173E+03,6.935808E-02,0.000000E+00,0.000000E+00,4.114411E-02,0.000000E+00,3.366620E-01,4.166335E+03,5.792162E+03,2.258140E-01,3.203989E+03,4.114411E-02,0.000000E+00,0.000000E+00
13:50:00,9.149361E-02,0.000000E+00,4.386732E-01,5.811693E+03,8.189146E+03,9.149361E-02,2.539434E+03,9.149361E-02,0.000000E+00,0.000000E+00,6.935808E-02,0.000000E+00,6.703659E-01,8.172534E+03,1.296834E+04,5.778131E-01,7.603677E+03,6.935808E-02,0.000000E+00,0.000000E+00,4.114411E-02,0.000000E+00,3.008164E-01,3.768896E+03,5.363624E+03,1.850944E-01,2.749314E+03,4.114411E-02,0.000000E+00,0.000000E+00,6.935808E-02,0.000000E+00,4.700699E-01,5.940140E+03,8.518397E+03,2.954154E-01,4.449191E+03,6.935808E-02,0.000000E+00,0.000000E+00,4.114411E-02,0.000000E+00,3.461640E-01,4.275042E+03,5.907978E+03,2.258148E-01,3.203998E+03,4.114411E-02,0.000000E+00,0.000000E+00
14:00:00,9.149361E-02,0.000000E+00,4.400503E-01,5.833094E+03,8.211257E+03,9.149361E-02,2.539434E+03,9.149361E-02,0.000000E+00,0.000000E+00,6.935808E-02,0.000000E+00,6.735910E-01,8.212775E+03,1.301506E+04,5.778148E-01,7.603696E+03,6.935808E-02,0.000000E+00,0.000000E+00,4.114411E-02,0.000000E+00,3.018914E-01,3.783560E+03,5.379094E+03,1.850953E-01,2.749324E+03,4.114411E-02,0.000000E+00,0.000000E+00,6.935808E-02,0.000000E+00,4.724319E-01,5.971007E+03,8.551076E+03,2.954170E-01,4.449209E+03,6.935808E-02,0.000000E+00,0.000000E+00,4.114411E-02,0.000000E+00,3.596657E-01,4.428378E+03,6.063394E+03,2.258156E-01,3.204007E+03,4.114411E-02,0.000000E+00,0.000000E+00
14:10:00,9.149361E-02,0.000000E+00,4.414069E-01,5.848213E+03,8.226910E+03,9.149361E-02,2.539434E+03,9.149361E-02,0.000000E+00,0.000000E+00,6.935808E-02,0.000000E+00,6.763477E-01,8.243199E+03,1.304944E+04,5.778164E-01,7.603714E+03,6.935808E-02,0.000000E+00,0.000000E+00,4.114411E-02,0.000000E+00,3.028560E-01,3.794269E+03,5.390292E+03,1.850961E-01,2.749333E+03,4.114411E-02,0.000000E+00,0.000000E+00,6.935808E-02,0.000000E+00,4.746106E-01,5.995240E+03,8.576586E+03,2.954186E-01,4.449227E+03,6.935808E-02,0.000000E+00,0.000000E+00,4.114411E-02,0.000000E+00,3.763185E-01,4.614150E+03,6.247537E+03,2.258164E-01,3.204016E+03,4.114411E-02,0.000000E+00,0.000000E+00
14:20:00,9.149361E-02,0.000000E+00,4.427840E-01,5.863583E+03,8.242831E+03,9.149361E-02,2.539434E+03,9.149361E-02,0.000000E+00,0.000000E+00,6.935808E-02,0.000000E+00,6.788304E-01,8.270835E+03,1.308195E+04,5.778180E-01,7.603732E+03,6.935808E-02,0.000000E+00,0.000000E+00,4.114411E-02,0.000000E+00,3.037439E-01,3.804171E+03,5.400759E+03,1.850969E-01,2.749343E+03,4.114411E-02,0.000000E+00,0.000000E+00,6.935808E-02,0.000000E+00,4.766761E-01,6.018282E+03,8.600980E+03,2.954202E-01,4.449244E+03,6.935808E-02,0.000000E+00,0.000000E+00,4.114411E-02,0.000000E+00,3.950760E-01,4.823469E+03,6.457590E+03,2.258172E-01,3.204025E+03,4.114411E-02,0.000000E+00,0.000000E+00
14:30:00,9.149361E-02,0.000000E+00,4.441591E-01,5.878934E+03,8.258717E+03,9.149361E-02,2.539434E+03,9.149361E-02,0.000000E+00,0.000000E+00,6.935808E-02,0.000000E+00,6.809414E-01,8.294375E+03,1.311086E+04,5.778196E-01,7.603751E+03,6.935808E-02,0.000000E+00,0.000000E+00,4.114411E-02,0.000000E+00,3.045185E-01,3.812817E+03,5.410011E+03,1.850978E-01,2.749352E+03,4.114411E-02,0.000000E+00,0.000000E+00,6.935808E-02,0.000000E+00,4.785748E-01,6.039475E+03,8.623550E+03,2.954218E-01,4.449262E+03,6.935808E-02,0.000000E+00,0.000000E+00,4.114411E-02,0.000000E+00,4.151635E-01,5.047644E+03,6.690816E+03,2.258180E-01,3.204033E+03,4.114411E-02,0.000000E+00,0.000000E+00
14:40:00,9.149361E-02,0.000000E+00,4.455332E-01,5.894275E+03,8.274589E+03,9.149361E-02,2.539434E+03,9.149361E-02,0.000000E+00,0.000000E+00,6.935808E-02,0.000000E+00,6.827102E-01,8.314108E+03,1.313566E+04,5.778212E-01,7.603768E+03,6.935808E-02,0.000000E+00,0.000000E+00,4.114411E-02,0.000000E+00,3.051820E-01,3.820223E+03,5.418019E+03,1.850986E-01,2.749361E+03,4.114411E-02,0.000000E+00,0.000000E+00,6.935808E-02,0.000000E+00,4.803125E-01,6.058871E+03,8.644323E+03,2.954233E-01,4.449279E+03,6.935808E-02,0.000000E+00,0.000000E+00,4.114411E-02,0.000000E+00,4.338013E-01,5.255647E+03,6.911203E+03,2.258188E-01,3.204042E+03,4.114411E-02,0.000000E+00,0.000000E+00
14:50:00,9.149361E-02,0.000000E+00,4.468890E-01,5.909410E+03,8.290246E+03,9.149361E-02,2.539434E+03,9.149361E-02,0.000000E+00,0.000000E+00,6.935808E-02,0.000000E+00,6.841188E-01,8.329824E+03,1.315525E+04,5.778228E-01,7.603786E+03,6.935808E-02,0.000000E+00,0.000000E+00,4.114411E-02,0.000000E+00,3.057243E-01,3.826276E+03,5.424562E+03,1.850994E-01,2.749370E+03,4.114411E-02,0.000000E+00,0.000000E+00,6.935808E-02,0.000000E+00,4.818657E-01,6.076209E+03,8.662887E+03,2.954249E-01,4.449297E+03,6.935808E-02,0.000000E+00,0.000000E+00,4.114411E-02,0.000000E+00,4.502222E-01,5.438923E+03,7.106258E+03,2.258195E-01,3.204051E+03,4.114411E-02,0.000000E+00,0.000000E+00
15:00:00,9.149361E-02,0.000000E+00,4.482073E-01,5.924128E+03,8.305466E+03,9.149361E-02,2.539434E+03,9.149361E-02,0.000000E+00,0.000000E+00,6.935808E-02,0.000000E+00,6.851509E-01,8.341342E+03,1.316905E+04,5.778244E-01,7.603804E+03,6.935808E-02,0.000000E+00,0.000000E+00,4.114411E-02,0.000000E+00,3.061374E-01,3.830888E+03,5.429484E+03,1.851002E-01,2.749379E+03,4.114411E-02,0.000000E+00,0.000000E+00,6.935808E-02,0.000000E+00,4.832109E-01,6.091226E+03,8.678862E+03,2.954264E-01,4.449314E+03,6.935808E-02,0.000000E+00,0.000000E+00,4.114411E-02,0.000000E+00,4.641226E-01,5.594082E+03,7.269856E+03,2.258203E-01,3.204059E+03,4.114411E-02,0.000000E+00,0.000000E+00
15:10:00,9.149361E-02,0.000000E+00,4.494704E-01,5.930967E+03,8.312602E+03,9.149361E-02,2.539434E+03,9.149361E-02,0.000000E+00,0.000000E+00,6.935808E-02,0.000000E+00,6.857400E-01,8.342413E+03,1.317030E+04,5.778260E-01,7.603821E+03,6.935808E-02,0.000000E+00,0.000000E+00,4.114411E-02,0.000000E+00,3.064015E-01,3.830571E+03,5.429152E+03,1.851010E-01,2.749388E+03,4.114411E-02,0.000000E+00,0.000000E+00,6.935808E-02,0.000000E+00,4.843051E-01,6.097934E+03,8.686005E+03,2.954279E-01,4.449331E+03,6.935808E-02,0.000000E+00,0.000000E+00,4.114411E-02,0.000000E+00,4.761297E-01,5.724851E+03,7.406152E+03,2.258211E-01,3.204068E+03,4.114411E-02,0.000000E+00,0.000000E+00
15:20:00,9.149361E-02,0.000000E+00,4.506650E-01,5.937040E+03,8.318936E+03,9.149361E-02,2.539434E+03,9.149361E-02,0.000000E+00,0.000000E+00,6.935808E-02,0.000000E+00,6.857489E-01,8.337012E+03,1.316515E+04,5.778276E-01,7.603839E+03,6.935808E-02,0.000000E+00,0.000000E+00,4.114411E-02,0.000000E+00,3.064242E-01,3.827559E+03,5.425896E+03,1.851018E-01,2.749397E+03,4.114411E-02,0.000000E+00,0.000000E+00,6.935808E-02,0.000000E+00,4.849880E-01,6.100052E+03,8.688140E+03,2.954295E-01,4.449348E+03,6.935808E-02,0.000000E+00,0.000000E+00,4.114411E-02,0.000000E+00,4.875023E-01,5.848541E+03,7.535427E+03,2.258218E-01,3.204076E+03,4.114411E-02,0.000000E+00,0.000000E+00
15:30:00,9.149361E-02,0.000000E+00,4.517825E-01,5.942253E+03,8.324372E+03,9.149361E-02,2.539434E+03,9.149361E-02,0.000000E+00,0.000000E+00,6.935808E-02,0.000000E+00,6.853133E-01,8.326655E+03,1.315702E+04,5.778291E-01,7.603856E+03,6.935808E-02,0.000000E+00,0.000000E+00,4.114411E-02,0.000000E+00,3.062732E-01,3.822609E+03,5.421031E+03,1.851026E-01,2.749406E+03,4.114411E-02,0.000000E+00,0.000000E+00,6.935808E-02,0.000000E+00,4.853627E-01,6.098731E+03,8.687292E+03,2.954310E-01,4.449365E+03,6.935808E-02,0.000000E+00,0.000000E+00,4.114411E-02,0.000000E+00,4.980090E-01,5.962561E+03,7.653944E+03,2.258226E-01,3.204084E+03,4.114411E-02,0.000000E+00,0.000000E+00
15:40:00,9.149361E-02,0.000000E+00,4.528173E-01,5.946542E+03,8.328842E+03,9.149361E-02,2.539434E+03,9.149361E-02,0.000000E+00,0.000000E+00,6.935808E-02,0.000000E+00,6.844471E-01,8.311495E+03,1.314364E+04,5.778306E-01,7.603873E+03,6.935808E-02,0.000000E+00,0.000000E+00,4.114411E-02,0.000000E+00,3.059457E-01,3.815689E+03,5.414225E+03,1.851034E-01,2.749415E+03,4.114411E-02,0.000000E+00,0.000000E+00,6.935808E-02,0.000000E+00,4.854320E-01,6.094001E+03,8.683098E+03,2.954325E-01,4.449381E+03,6.935808E-02,0.000000E+00,0.000000E+00,4.114411E-02,0.000000E+00,5.076212E-01,6.066593E+03,7.762079E+03,2.258233E-01,3.204093E+03,4.114411E-02,0.000000E+00,0.000000E+00
15:50:00,9.149361E-02,0.000000E+00,4.537651E-01,5.949861E+03,8.332303E+03,9.149361E-02,2.539434E+03,9.149361E-02,0.000000E+00,0.000000E+00,6.935808E-02,0.000000E+00,6.831520E-01,8.291550E+03,1.312328E+04,5.778322E-01,7.603890E+03,6.935808E-02,0.000000E+00,0.000000E+00,4.114411E-02,0.000000E+00,3.054392E-01,3.806771E+03,5.405164E+03,1.851042E-01,2.749424E+03,4.114411E-02,0.000000E+00,0.000000E+00,6.935808E-02,0.000000E+00,4.851920E-01,6.085819E+03,8.675056E+03,2.954339E-01,4.449398E+03,6.935808E-02,0.000000E+00,0.000000E+00,4.114411E-02,0.000000E+00,5.162925E-01,6.160121E+03,7.859685E+03,2.258240E-01,3.204101E+03,4.114411E-02,0.000000E+00,0.000000E+00
16:00:00,9.149361E-02,0.000000E+00,4.546224E-01,5.952169E+03,8.334717E+03,9.149361E-02,2.539434E+03,9.149361E-02,0.000000E+00,0.000000E+00,6.935808E-02,0.000000E+00,6.814264E-01,8.266804E+03,1.309561E+04,5.778337E-01,7.603907E+03,6.935808E-02,0.000000E+00,0.000000E+00,4.114411E-02,0.000000E+00,3.047511E-01,3.795826E+03,5.393710E+03,1.851050E-01,2.749432E+03,4.114411E-02,0.000000E+00,0.000000E+00,6.935808E-02,0.000000E+00,4.846382E-01,6.074135E+03,8.662921E+03,2.954354E-01,4.449414E+03,6.935808E-02,0.000000E+00,0.000000E+00,4.114411E-02,0.000000E+00,5.239836E-01,6.242707E+03,7.946269E+03,2.258248E-01,3.204109E+03,4.114411E-02,0.000000E+00,0.000000E+00
16:10:00,9.149361E-02,0.000000E+00,4.553858E-01,5.951008E+03,8.333561E+03,9.149361E-02,2.539434E+03,9.149361E-02,0.000000E+00,0.000000E+00,6.935808E-02,0.000000E+00,6.794656E-01,8.237598E+03,1.306235E+04,5.778352E-01,7.603924E+03,6.935808E-02,0.000000E+00,0.000000E+00,4.114411E-02,0.000000E+00,3.039240E-01,3.782241E+03,5.379347E+03,1.851058E-01,2.749441E+03,4.114411E-02,0.000000E+00,0.000000E+00,6.935808E-02,0.000000E+00,4.838389E-01,6.057875E+03,8.645758E+03,2.954369E-01,4.449431E+03,6.935808E-02,0.000000E+00,0.000000E+00,4.114411E-02,0.000000E+00,5.307097E-01,6.313435E+03,8.020757E+03,2.258255E-01,3.204117E+03,4.114411E-02,0.000000E+00,0.000000E+00
16:20:00,9.149361E-02,0.000000E+00,4.560529E-01,5.948771E+03,8.331290E+03,9.149361E-02,2.539434E+03,9.149361E-02,0.000000E+00,0.000000E+00,6.935808E-02,0.000000E+00,6.773958E-01,8.207175E+03,1.302872E+04,5.778367E-01,7.603941E+03,6.935808E-02,0.000000E+00,0.000000E+00,4.114411E-02,0.000000E+00,3.030444E-01,3.768069E+03,5.364525E+03,1.851065E-01,2.749450E+03,4.114411E-02,0.000000E+00,0.000000E+00,6.935808E-02,0.000000E+00,4.829383E-01,6.040483E+03,8.627646E+03,2.954383E-01,4.449447E+03,6.935808E-02,0.000000E+00,0.000000E+00,4.114411E-02,0.000000E+00,5.361117E-01,6.369383E+03,8.079728E+03,2.258262E-01,3.204125E+03,4.114411E-02,0.000000E+00,0.000000E+00
16:30:00,9.149361E-02,0.000000E+00,4.566215E-01,5.945435E+03,8.327877E+03,9.149361E-02,2.539434E+03,9.149361E-02,0.000000E+00,0.000000E+00,6.935808E-02,0.000000E+00,6.750760E-01,8.173963E+03,1.299249E+04,5.778382E-01,7.603957E+03,6.935808E-02,0.000000E+00,0.000000E+00,4.114411E-02,0.000000E+00,3.020409E-01,3.752515E+03,5.348283E+03,1.851073E-01,2.749458E+03,4.114411E-02,0.000000E+00,0.000000E+00,6.935808E-02,0.000000E+00,4.818244E-01,6.020712E+03,8.607094E+03,2.954398E-01,4.449463E+03,6.935808E-02,0.000000E+00,0.000000E+00,4.114411E-02,0.000000E+00,5.403653E-01,6.412514E+03,8.125541E+03,2.258269E-01,3.204133E+03,4.114411E-02,0.000000E+00,0.000000E+00
16:40:00,9.149361E-02,0.000000E+00,4.570896E-01,5.940977E+03,8.323300E+03,9.149361E-02,2.539434E+03,9.149361E-02,0.000000E+00,0.000000E+00,6.935808E-02,0.000000E+00,6.724835E-01,8.137708E+03,1.295285E+04,5.778396E-01,7.603974E+03,6.935808E-02,0.000000E+00,0.000000E+00,4.114411E-02,0.000000E+00,3.009091E-01,3.735529E+03,5.330535E+03,1.851081E-01,2.749467E+03,4.114411E-02,0.000000E+00,0.000000E+00,6.935808E-02,0.000000E+00,4.804814E-01,5.998381E+03,8.583853E+03,2.954412E-01,4.449479E+03,6.935808E-02,0.000000E+00,0.000000E+00,4.114411E-02,0.000000E+00,5.434084E-01,6.442134E+03,8.157460E+03,2.258276E-01,3.204141E+03,4.114411E-02,0.000000E+00,0.000000E+00
16:50:00,9.149361E-02,0.000000E+00,4.574373E-01,5.935187E+03,8.317346E+03,9.149361E-02,2.539434E+03,9.149361E-02,0.000000E+00,0.000000E+00,6.935808E-02,0.000000E+00,6.694846E-01,8.097058E+03,1.290954E+04,5.778411E-01,7.603990E+03,6.935808E-02,0.000000E+00,0.000000E+00,4.114411E-02,0.000000E+00,2.996205E-01,3.716817E+03,5.311225E+03,1.851088E-01,2.749475E+03,4.114411E-02,0.000000E+00,0.000000E+00,6.935808E-02,0.000000E+00,4.788628E-01,5.973014E+03,8.557734E+03,2.954426E-01,4.449495E+03,6.935808E-02,0.000000E+00,0.000000E+00,4.114411E-02,0.000000E+00,5.451327E-01,6.457076E+03,8.174726E+03,2.258283E-01,3.204149E+03,4.114411E-02,0.000000E+00,0.000000E+00
17:00:00,9.149361E-02,0.000000E+00,4.576805E-01,5.928246E+03,8.310313E+03,9.149361E-02,2.539434E+03,9.149361E-02,0.000000E+00,0.000000E+00,6.935808E-02,0.000000E+00,6.662022E-01,8.053408E+03,1.286114E+04,5.778425E-01,7.604006E+03,6.935808E-02,0.000000E+00,0.000000E+00,4.114411E-02,0.000000E+00,2.982017E-01,3.696680E+03,5.289904E+03,1.851095E-01,2.749483E+03,4.114411E-02,0.000000E+00,0.000000E+00,6.935808E-02,0.000000E+00,4.770117E-01,5.945094E+03,8.528294E+03,2.954440E-01,4.449511E+03,6.935808E-02,0.000000E+00,0.000000E+00,4.114411E-02,0.000000E+00,5.454833E-01,6.456738E+03,8.176718E+03,2.258290E-01,3.204157E+03,4.114411E-02,0.000000E+00,0.000000E+00
17:10:00,9.149361E-02,0.000000E+00,4.578186E-01,5.917711E+03,8.299447E+03,9.149361E-02,2.539434E+03,9.149361E-02,0.000000E+00,0.000000E+00,6.935808E-02,0.000000E+00,6.626473E-01,8.004890E+03,1.280957E+04,5.778440E-01,7.604022E+03,6.935808E-02,0.000000E+00,0.000000E+00,4.114411E-02,0.000000E+00,2.966550E-01,3.674027E+03,5.266791E+03,1.851103E-01,2.749492E+03,4.114411E-02,0.000000E+00,0.000000E+00,6.935808E-02,0.000000E+00,4.749386E-01,5.912862E+03,8.495396E+03,2.954454E-01,4.449526E+03,6.935808E-02,0.000000E+00,0.000000E+00,4.114411E-02,0.000000E+00,5.443728E-01,6.439008E+03,8.160625E+03,2.258297E-01,3.204164E+03,4.114411E-02,0.000000E+00,0.000000E+00
17:20:00,9.149361E-02,0.000000E+00,4.578467E-01,5.905947E+03,8.287324E+03,9.149361E-02,2.539434E+03,9.149361E-02,0.000000E+00,0.000000E+00,6.935808E-02,0.000000E+00,6.588086E-01,7.953201E+03,1.275257E+04,5.778454E-01,7.604038E+03,6.935808E-02,0.000000E+00,0.000000E+00,4.114411E-02,0.000000E+00,2.949773E-01,3.649911E+03,5.241788E+03,1.851110E-01,2.749500E+03,4.114411E-02,0.000000E+00,0.000000E+00,6.935808E-02,0.000000E+00,4.726452E-01,5.878170E+03,8.459479E+03,2.954468E-01,4.449542E+03,6.935808E-02,0.000000E+00,0.000000E+00,4.114411E-02,0.000000E+00,5.417021E-01,6.403861E+03,8.126818E+03,2.258304E-01,3.204172E+03,4.114411E-02,0.000000E+00,0.000000E+00
17:30:00,9.149361E-02,0.000000E+00,4.577611E-01,5.892914E+03,8.273900E+03,9.149361E-02,2.539434E+03,9.149361E-02,0.000000E+00,0.000000E+00,6.935808E-02,0.000000E+00,6.545548E-01,7.896877E+03,1.268957E+04,5.778468E-01,7.604054E+03,6.935808E-02,0.000000E+00,0.000000E+00,4.114411E-02,0.000000E+00,2.930791E-01,3.623333E+03,5.213908E+03,1.851118E-01,2.749508E+03,4.114411E-02,0.000000E+00,0.000000E+00,6.935808E-02,0.000000E+00,4.699877E-01,5.839412E+03,8.418863E+03,2.954482E-01,4.449557E+03,6.935808E-02,0.000000E+00,0.000000E+00,4.114411E-02,0.000000E+00,5.369657E-01,6.345654E+03,8.069278E+03,2.258311E-01,3.204180E+03,4.114411E-02,0.000000E+00,0.000000E+00
17:40:00,9.149361E-02,0.000000E+00,4.575589E-01,5.878579E+03,8.259130E+03,9.149361E-02,2.539434E+03,9.149361E-02,0.000000E+00,0.000000E+00,6.935808E-02,0.000000E+00,6.499957E-01,7.837142E+03,1.262313E+04,5.778482E-01,7.604070E+03,6.935808E-02,0.000000E+00,0.000000E+00,4.114411E-02,0.000000E+00,2.910379E-01,3.595158E+03,5.184508E+03,1.851125E-01,2.749516E+03,4.114411E-02,0.000000E+00,0.000000E+00,6.935808E-02,0.000000E+00,4.671852E-01,5.799035E+03,8.376919E+03,2.954496E-01,4.449573E+03,6.935808E-02,0.000000E+00,0.000000E+00,4.114411E-02,0.000000E+00,5.304931E-01,6.268064E+03,7.992998E+03,2.258318E-01,3.204187E+03,4.114411E-02,0.000000E+00,0.000000E+00
17:50:00,9.149361E-02,7.855604E+00,4.572656E-01,5.863214E+03,8.243325E+03,9.149361E-02,2.539434E+03,9.149361E-02,0.000000E+00,0.000000E+00,6.935808E-02,5.955056E+00,6.452656E-01,7.775361E+03,1.255406E+04,5.778496E-01,7.604085E+03,6.935808E-02,0.000000E+00,0.000000E+00,4.114411E-02,3.532616E+00,2.888871E-01,3.565736E+03,5.153733E+03,1.851132E-01,2.749524E+03,4.114411E-02,0.000000E+00,0.000000E+00,6.935808E-02,5.955056E+00,4.646036E-01,5.761086E+03,8.337714E+03,2.954509E-01,4.449588E+03,6.935808E-02,0.000000E+00,0.000000E+00,4.114411E-02,3.532616E+00,5.222893E-01,6.171106E+03,7.896251E+03,2.258324E-01,3.204195E+03,4.114411E-02,0.000000E+00,0.000000E+00
18:00:00,9.149361E-02,1.996079E+01,4.568838E-01,5.846847E+03,8.226494E+03,9.149361E-02,2.539434E+03,9.149361E-02,0.000000E+00,0.000000E+00,6.935808E-02,1.513157E+01,6.402410E-01,7.710134E+03,1.247984E+04,5.778510E-01,7.604101E+03,6.935808E-02,0.000000E+00,0.000000E+00,4.114411E-02,8.976244E+00,2.866070E-01,3.534842E+03,5.121133E+03,1.851139E-01,2.749532E+03,4.114411E-02,0.000000E+00,0.000000E+00,6.935808E-02,1.513157E+01,4.622352E-01,5.725474E+03,8.299935E+03,2.954523E-01,4.449603E+03,6.935808E-02,0.000000E+00,0.000000E+00,4.114411E-02,8.976244E+00,5.122394E-01,6.053489E+03,7.777228E+03,2.258331E-01,3.204202E+03,4.114411E-02,0.000000E+00,0.000000E+00
18:10:00,9.149361E-02,3.811858E+01,4.564299E-01,5.823622E+03,8.202621E+03,9.149361E-02,2.539434E+03,9.149361E-02,0.000000E+00,0.000000E+00,6.935808E-02,2.889635E+01,6.347554E-01,7.635165E+03,1.239409E+04,5.778524E-01,7.604116E+03,6.935808E-02,0.000000E+00,0.000000E+00,4.114411E-02,1.714169E+01,2.841666E-01,3.499436E+03,5.083609E+03,1.851146E-01,2.749540E+03,4.114411E-02,0.000000E+00,0.000000E+00,6.935808E-02,2.889635E+01,4.599530E-01,5.686233E+03,8.257587E+03,2.954536E-01,4.449618E+03,6.935808E-02,0.000000E+00,0.000000E+00,4.114411E-02,1.714169E+01,5.001239E-01,5.910088E+03,7.631206E+03,2.258338E-01,3.204210E+03,4.114411E-02,0.000000E+00,0.000000E+00
18:20:00,9.149361E-02,5.627636E+01,4.559123E-01,5.799686E+03,8.177997E+03,9.149361E-02,2.539434E+03,9.149361E-02,0.000000E+00,0.000000E+00,6.935808E-02,4.266112E+01,6.288121E-01,7.555090E+03,1.230375E+04,5.778538E-01,7.604132E+03,6.935808E-02,0.000000E+00,0.000000E+00,4.114411E-02,2.530713E+01,2.815744E-01,3.462335E+03,5.044310E+03,1.851153E-01,2.749548E+03,4.114411E-02,0.000000E+00,0.000000E+00,6.935808E-02,4.266112E+01,4.575804E-01,5.645984E+03,8.214328E+03,2.954550E-01,4.449633E+03,6.935808E-02,0.000000E+00,0.000000E+00,4.114411E-02,2.530713E+01,4.857737E-01,5.741741E+03,7.459718E+03,2.258344E-01,3.204217E+03,4.114411E-02,0.000000E+00,0.000000E+00
18:30:00,9.149361E-02,7.443414E+01,4.553233E-01,5.774952E+03,8.152533E+03,9.149361E-02,2.539434E+03,9.149361E-02,0.000000E+00,0.000000E+00,6.935808E-02,5.642590E+01,6.224921E-01,7.470811E+03,1.220957E+04,5.778551E-01,7.604147E+03,6.935808E-02,0.000000E+00,0.000000E+00,4.114411E-02,3.347257E+01,2.788975E-01,3.424289E+03,5.004192E+03,1.851160E-01,2.749555E+03,4.114411E-02,0.000000E+00,0.000000E+00,6.935808E-02,5.642590E+01,4.548461E-01,5.601697E+03,8.167655E+03,2.954563E-01,4.449647E+03,6.935808E-02,0.000000E+00,0.000000E+00,4.114411E-02,3.347257E+01,4.686146E-01,5.542041E+03,7.256340E+03,2.258351E-01,3.204224E+03,4.114411E-02,0.000000E+00,0.000000E+00
18:40:00,9.149361E-02,9.259193E+01,4.546389E-01,5.749154E+03,8.125963E+03,9.149361E-02,2.539434E+03,9.149361E-02,0.000000E+00,0.000000E+00,6.935808E-02,7.019068E+01,6.157199E-01,7.381487E+03,1.210920E+04,5.778565E-01,7.604162E+03,6.935808E-02,0.000000E+00,0.000000E+00,4.114411E-02,4.163801E+01,2.760961E-01,3.384854E+03,4.962632E+03,1.851167E-01,2.749563E+03,4.114411E-02,0.000000E+00,0.000000E+00,6.935808E-02,7.019068E+01,4.514903E-01,5.550473E+03,8.115078E+03,2.954576E-01,4.449662E+03,6.935808E-02,0.000000E+00,0.000000E+00,4.114411E-02,4.163801E+01,4.487287E-01,5.311904E+03,7.023779E+03,2.258357E-01,3.204231E+03,4.114411E-02,0.000000E+00,0.000000E+00
18:50:00,9.149361E-02,1.107497E+02,4.538155E-01,5.721803E+03,8.097799E+03,9.149361E-02,2.539434E+03,9.149361E-02,0.000000E+00,0.000000E+00,6.935808E-02,8.395545E+01,6.084729E-01,7.286866E+03,1.200137E+04,5.778578E-01,7.604177E+03,6.935808E-02,0.000000E+00,0.000000E+00,4.114411E-02,4.980345E+01,2.731660E-01,3.343981E+03,4.919383E+03,1.851174E-01,2.749571E+03,4.114411E-02,0.000000E+00,0.000000E+00,6.935808E-02,8.395545E+01,4.468629E-01,5.485056E+03,8.047303E+03,2.954589E-01,4.449676E+03,6.935808E-02,0.000000E+00,0.000000E+00,4.114411E-02,4.980345E+01,4.254510E-01,5.043906E+03,6.750398E+03,2.258364E-01,3.204239E+03,4.114411E-02,0.000000E+00,0.000000E+00
19:00:00,9.149361E-02,1.289075E+02,4.528021E-01,5.692332E+03,8.067450E+03,9.149361E-02,2.539434E+03,9.149361E-02,0.000000E+00,0.000000E+00,6.935808E-02,9.772023E+01,6.007893E-01,7.187373E+03,1.188641E+04,5.778591E-01,7.604192E+03,6.935808E-02,0.000000E+00,0.000000E+00,4.114411E-02,5.796890E+01,2.701360E-01,3.301994E+03,4.874764E+03,1.851181E-01,2.749578E+03,4.114411E-02,0.000000E+00,0.000000E+00,6.935808E-02,9.772023E+01,4.411036E-01,5.407004E+03,7.966133E+03,2.954602E-01,4.449691E+03,6.935808E-02,0.000000E+00,0.000000E+00,4.114411E-02,5.796890E+01,4.006469E-01,4.758870E+03,6.459107E+03,2.258370E-01,3.204246E+03,4.114411E-02,0.000000E+00,0.000000E+00
19:10:00,9.149361E-02,1.422232E+02,4.515732E-01,5.665296E+03,8.039582E+03,9.149361E-02,2.539434E+03,9.149361E-02,0.000000E+00,0.000000E+00,6.935808E-02,1.078144E+02,5.931834E-01,7.092416E+03,1.177588E+04,5.778605E-01,7.604206E+03,6.935808E-02,0.000000E+00,0.000000E+00,4.114411E-02,6.395689E+01,2.671405E-01,3.262568E+03,4.832753E+03,1.851187E-01,2.749586E+03,4.114411E-02,0.000000E+00,0.000000E+00,6.935808E-02,1.078144E+02,4.347725E-01,5.326240E+03,7.881560E+03,2.954615E-01,4.449705E+03,6.935808E-02,0.000000E+00,0.000000E+00,4.114411E-02,6.395689E+01,3.768668E-01,4.487438E+03,6.177240E+03,2.258376E-01,3.204253E+03,4.114411E-02,0.000000E+00,0.000000E+00
19:20:00,9.149361E-02,1.555389E+02,4.501409E-01,5.635990E+03,8.009361E+03,9.149361E-02,2.539434E+03,9.149361E-02,0.000000E+00,0.000000E+00,6.935808E-02,1.179086E+02,5.858263E-01,7.000235E+03,1.166660E+04,5.778618E-01,7.604221E+03,6.935808E-02,0.000000E+00,0.000000E+00,4.114411E-02,6.994488E+01,2.642739E-01,3.224582E+03,4.792119E+03,1.851194E-01,2.749594E+03,4.114411E-02,0.000000E+00,0.000000E+00,6.935808E-02,1.179086E+02,4.283239E-01,5.244165E+03,7.793877E+03,2.954627E-01,4.449719E+03,6.935808E-02,0.000000E+00,0.000000E+00,4.114411E-02,6.994488E+01,3.552761E-01,4.240442E+03,5.910431E+03,2.258383E-01,3.204260E+03,4.114411E-02,0.000000E+00,0.000000E+00
19:30:00,9.149361E-02,1.688546E+02,4.485463E-01,5.604872E+03,7.977243E+03,9.149361E-02,2.539434E+03,9.149361E-02,0.000000E+00,0.000000E+00,6.935808E-02,1.280027E+02,5.788339E-01,6.912122E+03,1.156020E+04,5.778631E-01,7.604235E+03,6.935808E-02,0.000000E+00,0.000000E+00,4.114411E-02,7.593287E+01,2.615894E-01,3.188628E+03,4.753393E+03,1.851201E-01,2.749601E+03,4.114411E-02,0.000000E+00,0.000000E+00,6.935808E-02,1.280027E+02,4.222693E-01,5.166486E+03,7.709427E+03,2.954640E-01,4.449734E+03,6.935808E-02,0.000000E+00,0.000000E+00,4.114411E-02,7.593287E+01,3.373846E-01,4.034735E+03,5.681510E+03,2.258389E-01,3.204267E+03,4.114411E-02,0.000000E+00,0.000000E+00
19:40:00,9.149361E-02,1.821703E+02,4.468503E-01,5.572621E+03,7.943920E+03,9.149361E-02,2.539434E+03,9.149361E-02,0.000000E+00,0.000000E+00,6.935808E-02,1.380969E+02,5.722284E-01,6.828325E+03,1.145838E+04,5.778644E-01,7.604250E+03,6.935808E-02,0.000000E+00,0.000000E+00,4.114411E-02,8.192086E+01,2.590760E-01,3.154583E+03,4.716555E+03,1.851207E-01,2.749608E+03,4.114411E-02,0.000000E+00,0.000000E+00,6.935808E-02,1.380969E+02,4.167182E-01,5.094426E+03,7.630232E+03,2.954652E-01,4.449748E+03,6.935808E-02,0.000000E+00,0.000000E+00,4.114411E-02,8.192086E+01,3.231445E-01,3.869785E+03,5.495301E+03,2.258395E-01,3.204274E+03,4.114411E-02,0.000000E+00,0.000000E+00
19:50:00,9.149361E-02,1.954860E+02,4.451225E-01,5.540016E+03,7.910208E+03,9.149361E-02,2.539434E+03,9.149361E-02,0.000000E+00,0.000000E+00,6.935808E-02,1.481911E+02,5.660750E-01,6.749572E+03,1.136322E+04,5.778656E-01,7.604264E+03,6.935808E-02,0.000000E+00,0.000000E+00,4.114411E-02,8.790885E+01,2.567567E-01,3.122706E+03,4.682149E+03,1.851214E-01,2.749616E+03,4.114411E-02,0.000000E+00,0.000000E+00,6.935808E-02,1.481911E+02,4.120570E-01,5.032299E+03,7.562493E+03,2.954665E-01,4.449761E+03,6.935808E-02,0.000000E+00,0.000000E+00,4.114411E-02,8.790885E+01,3.135966E-01,3.757212E+03,5.369919E+03,2.258401E-01,3.204281E+03,4.114411E-02,0.000000E+00,0.000000E+00
20:00:00,9.149361E-02,2.088017E+02,4.434267E-01,5.507768E+03,7.876868E+03,9.149361E-02,2.539434E+03,9.149361E-02,0.000000E+00,0.000000E+00,6.935808E-02,1.582852E+02,5.603792E-01,6.675925E+03,1.127519E+04,5.778669E-01,7.604278E+03,6.935808E-02,0.000000E+00,0.000000E+00,4.114411E-02,9.389684E+01,2.546197E-01,3.092863E+03,4.650127E+03,1.851221E-01,2.749623E+03,4.114411E-02,0.000000E+00,0.000000E+00,6.935808E-02,1.582852E+02,4.081637E-01,4.978744E+03,7.504906E+03,2.954677E-01,4.449775E+03,6.935808E-02,0.000000E+00,0.000000E+00,4.114411E-02,9.389684E+01,3.072856E-01,3.680769E+03,5.287079E+03,2.258407E-01,3.204287E+03,4.114411E-02,0.000000E+00,0.000000E+00
20:10:00,9.149361E-02,2.196964E+02,4.418034E-01,5.478751E+03,7.846865E+03,9.149361E-02,2.539434E+03,9.149361E-02,0.000000E+00,0.000000E+00,6.935808E-02,1.665441E+02,5.550253E-01,6.607927E+03,1.119409E+04,5.778682E-01,7.604292E+03,6.935808E-02,0.000000E+00,0.000000E+00,4.114411E-02,9.879611E+01,2.526269E-01,3.065719E+03,4.621099E+03,1.851227E-01,2.749630E+03,4.114411E-02,0.000000E+00,0.000000E+00,6.935808E-02,1.665441E+02,4.047155E-01,4.931992E+03,7.454943E+03,2.954690E-01,4.449789E+03,6.935808E-02,0.000000E+00,0.000000E+00,4.114411E-02,9.879611E+01,3.022772E-01,3.619957E+03,5.221853E+03,2.258413E-01,3.204294E+03,4.114411E-02,0.000000E+00,0.000000E+00
20:20:00,9.149361E-02,2.305911E+02,4.402893E-01,5.450952E+03,7.817985E+03,9.149361E-02,2.539434E+03,9.149361E-02,0.000000E+00,0.000000E+00,6.935808E-02,1.748030E+02,5.500299E-01,6.543932E+03,1.111481E+04,5.778694E-01,7.604306E+03,6.935808E-02,0.000000E+00,0.000000E+00,4.114411E-02,1.036954E+02,2.507350E-01,3.039700E+03,4.592658E+03,1.851233E-01,2.749637E+03,4.114411E-02,0.000000E+00,0.000000E+00,6.935808E-02,1.748030E+02,4.015351E-01,4.888230E+03,7.407234E+03,2.954702E-01,4.449803E+03,6.935808E-02,0.000000E+00,0.000000E+00,4.114411E-02,1.036954E+02,2.979537E-01,3.566793E+03,5.163791E+03,2.258419E-01,3.204301E+03,4.114411E-02,0.000000E+00,0.000000E+00
20:30:00,9.149361E-02,2.414857E+02,4.388481E-01,5.423945E+03,7.789774E+03,9.149361E-02,2.539434E+03,9.149361E-02,0.000000E+00,0.000000E+00,6.935808E-02,1.830618E+02,5.451795E-01,6.481348E+03,1.103404E+04,5.778707E-01,7.604320E+03,6.935808E-02,0.000000E+00,0.000000E+00,4.114411E-02,1.085946E+02,2.488896E-01,3.014163E+03,4.564110E+03,1.851240E-01,2.749644E+03,4.114411E-02,0.000000E+00,0.000000E+00,6.935808E-02,1.830618E+02,3.984975E-01,4.846003E+03,7.360189E+03,2.954714E-01,4.449816E+03,6.935808E-02,0.000000E+00,0.000000E+00,4.114411E-02,1.085946E+02,2.940896E-01,3.518714E+03,5.110363E+03,2.258425E-01,3.204307E+03,4.114411E-02,0.000000E+00,0.000000E+00
20:40:00,9.149361E-02,2.523804E+02,4.374960E-01,5.397929E+03,7.762950E+03,9.149361E-02,2.539434E+03,9.149361E-02,0.000000E+00,0.000000E+00,6.935808E-02,1.913207E+02,5.405529E-01,6.421237E+03,1.096126E+04,5.778719E-01,7.604334E+03,6.935808E-02,0.000000E+00,0.000000E+00,4.114411E-02,1.134939E+02,2.471131E-01,2.989390E+03,4.537488E+03,1.851246E-01,2.749652E+03,4.114411E-02,0.000000E+00,0.000000E+00,6.935808E-02,1.913207E+02,3.956220E-01,4.805581E+03,7.316872E+03,2.954726E-01,4.449829E+03,6.935808E-02,0.000000E+00,0.000000E+00,4.114411E-02,1.134939E+02,2.906018E-01,3.474831E+03,5.063476E+03,2.258431E-01,3.204314E+03,4.114411E-02,0.000000E+00,0.000000E+00
20:50:00,9.149361E-02,2.632751E+02,4.362181E-01,5.372742E+03,7.736991E+03,9.149361E-02,2.539434E+03,9.149361E-02,0.000000E+00,0.000000E+00,6.935808E-02,1.995796E+02,5.361014E-01,6.363079E+03,1.089125E+04,5.778731E-01,7.604348E+03,6.935808E-02,0.000000E+00,0.000000E+00,4.114411E-02,1.183932E+02,2.453931E-01,2.965249E+03,4.511556E+03,1.851252E-01,2.749659E+03,4.114411E-02,0.000000E+00,0.000000E+00,6.935808E-02,1.995796E+02,3.928766E-01,4.766610E+03,7.275116E+03,2.954738E-01,4.449843E+03,6.935808E-02,0.000000E+00,0.000000E+00,4.114411E-02,1.183932E+02,2.874080E-01,3.434231E+03,5.020126E+03,2.258437E-01,3.204321E+03,4.114411E-02,0.000000E+00,0.000000E+00
21:00:00,9.149361E-02,2.741698E+02,4.350087E-01,5.348320E+03,7.711831E+03,9.149361E-02,2.539434E+03,9.149361E-02,0.000000E+00,0.000000E+00,6.935808E-02,2.078384E+02,5.318216E-01,6.306841E+03,1.082415E+04,5.778743E-01,7.604361E+03,6.935808E-02,0.000000E+00,0.000000E+00,4.114411E-02,1.232924E+02,2.437295E-01,2.941738E+03,4.486351E+03,1.851259E-01,2.749666E+03,4.114411E-02,0.000000E+00,0.000000E+00,6.935808E-02,2.078384E+02,3.902517E-01,4.728985E+03,7.234876E+03,2.954750E-01,4.449856E+03,6.935808E-02,0.000000E+00,0.000000E+00,4.114411E-02,1.232924E+02,2.844564E-01,3.396335E+03,4.979737E+03,2.258443E-01,3.204327E+03,4.114411E-02,0.000000E+00,0.000000E+00
21:10:00,9.149361E-02,2.850644E+02,4.338615E-01,5.324592E+03,7.687394E+03,9.149361E-02,2.539434E+03,9.149361E-02,0.000000E+00,0.000000E+00,6.935808E-02,2.160973E+02,5.276076E-01,6.251342E+03,1.075802E+04,5.778755E-01,7.604375E+03,6.935808E-02,0.000000E+00,0.000000E+00,4.114411E-02,1.281917E+02,2.420992E-01,2.918598E+03,4.461549E+03,1.851265E-01,2.749672E+03,4.114411E-02,0.000000E+00,0.000000E+00,6.935808E-02,2.160973E+02,3.877036E-01,4.692219E+03,7.195557E+03,2.954761E-01,4.449869E+03,6.935808E-02,0.000000E+00,0.000000E+00,4.114411E-02,1.281917E+02,2.816777E-01,3.360371E+03,4.941422E+03,2.258449E-01,3.204334E+03,4.114411E-02,0.000000E+00,0.000000E+00
21:20:00,9.149361E-02,2.959591E+02,4.327478E-01,5.301238E+03,7.663327E+03,9.149361E-02,2.539434E+03,9.149361E-02,0.000000E+00,0.000000E+00,6.935808E-02,2.243562E+02,5.233182E-01,6.195005E+03,1.069024E+04,5.778767E-01,7.604388E+03,6.935808E-02,0.000000E+00,0.000000E+00,4.114411E-02,1.330910E+02,2.404681E-01,2.895452E+03,4.436654E+03,1.851271E-01,2.749679E+03,4.114411E-02,0.000000E+00,0.000000E+00,6.935808E-02,2.243562E+02,3.851721E-01,4.655639E+03,7.156304E+03,2.954773E-01,4.449882E+03,6.935808E-02,0.000000E+00,0.000000E+00,4.114411E-02,1.330910E+02,2.790083E-01,3.325627E+03,4.904340E+03,2.258454E-01,3.204340E+03,4.114411E-02,0.000000E+00,0.000000E+00
21:30:00,9.149361E-02,3.068538E+02,4.316975E-01,5.278615E+03,7.640029E+03,9.149361E-02,2.539434E+03,9.149361E-02,0.000000E+00,0.000000E+00,6.935808E-02,2.326150E+02,5.191406E-01,6.140114E+03,1.062432E+04,5.778779E-01,7.604402E+03,6.935808E-02,0.000000E+00,0.000000E+00,4.114411E-02,1.379902E+02,2.388820E-01,2.872844E+03,4.412369E+03,1.851277E-01,2.749686E+03,4.114411E-02,0.000000E+00,0.000000E+00,6.935808E-02,2.326150E+02,3.827264E-01,4.620074E+03,7.118192E+03,2.954785E-01,4.449895E+03,6.935808E-02,0.000000E+00,0.000000E+00,4.114411E-02,1.379902E+02,2.764690E-01,3.292378E+03,4.868878E+03,2.258460E-01,3.204346E+03,4.114411E-02,0.000000E+00,0.000000E+00
21:40:00,9.149361E-02,3.177484E+02,4.306836E-01,5.256401E+03,7.617147E+03,9.149361E-02,2.539434E+03,9.149361E-02,0.000000E+00,0.000000E+00,6.935808E-02,2.408739E+02,5.149774E-01,6.085412E+03,1.055837E+04,5.778791E-01,7.604415E+03,6.935808E-02,0.000000E+00,0.000000E+00,4.114411E-02,1.428895E+02,2.373135E-01,2.850437E+03,4.388266E+03,1.851283E-01,2.749693E+03,4.114411E-02,0.000000E+00,0.000000E+00,6.935808E-02,2.408739E+02,3.803178E-01,4.584930E+03,7.080479E+03,2.954796E-01,4.449908E+03,6.935808E-02,0.000000E+00,0.000000E+00,4.114411E-02,1.428895E+02,2.740173E-01,3.260112E+03,4.834436E+03,2.258466E-01,3.204353E+03,4.114411E-02,0.000000E+00,0.000000E+00
21:50:00,9.149361E-02,3.286431E+02,4.297094E-01,5.234630E+03,7.594722E+03,9.149361E-02,2.539434E+03,9.149361E-02,0.000000E+00,0.000000E+00,6.935808E-02,2.491328E+02,5.108621E-01,6.031249E+03,1.049298E+04,5.778803E-01,7.604428E+03,6.935808E-02,0.000000E+00,0.000000E+00,4.114411E-02,1.477888E+02,2.357707E-01,2.828318E+03,4.364464E+03,1.851289E-01,2.749700E+03,4.114411E-02,0.000000E+00,0.000000E+00,6.935808E-02,2.491328E+02,3.779571E-01,4.550321E+03,7.043329E+03,2.954807E-01,4.449920E+03,6.935808E-02,0.000000E+00,0.000000E+00,4.114411E-02,1.477888E+02,2.716468E-01,3.228754E+03,4.800953E+03,2.258471E-01,3.204359E+03,4.114411E-02,0.000000E+00,0.000000E+00
22:00:00,9.149361E-02,3.395378E+02,4.287691E-01,5.213238E+03,7.572688E+03,9.149361E-02,2.539434E+03,9.149361E-02,0.000000E+00,0.000000E+00,6.935808E-02,2.573916E+02,5.067847E-01,5.977510E+03,1.042801E+04,5.778815E-01,7.604441E+03,6.935808E-02,0.000000E+00,0.000000E+00,4.114411E-02,1.526880E+02,2.342499E-01,2.806444E+03,4.340916E+03,1.851295E-01,2.749706E+03,4.114411E-02,0.000000E+00,0.000000E+00,6.935808E-02,2.573916E+02,3.756363E-01,4.516158E+03,7.006642E+03,2.954819E-01,4.449933E+03,6.935808E-02,0.000000E+00,0.000000E+00,4.114411E-02,1.526880E+02,2.693435E-01,3.198145E+03,4.768258E+03,2.258477E-01,3.204365E+03,4.114411E-02,0.000000E+00,0.000000E+00
22:10:00,9.149361E-02,3.480114E+02,4.278586E-01,5.194599E+03,7.553473E+03,9.149361E-02,2.539434E+03,9.149361E-02,0.000000E+00,0.000000E+00,6.935808E-02,2.638152E+02,5.028397E-01,5.927083E+03,1.036707E+04,5.778826E-01,7.604454E+03,6.935808E-02,0.000000E+00,0.000000E+00,4.114411E-02,1.564986E+02,2.327700E-01,2.786116E+03,4.319020E+03,1.851301E-01,2.749713E+03,4.114411E-02,0.000000E+00,0.000000E+00,6.935808E-02,2.638152E+02,3.733839E-01,4.484594E+03,6.972728E+03,2.954830E-01,4.449946E+03,6.935808E-02,0.000000E+00,0.000000E+00,4.114411E-02,1.564986E+02,2.671254E-01,3.169577E+03,4.737749E+03,2.258483E-01,3.204371E+03,4.114411E-02,0.000000E+00,0.000000E+00
22:20:00,9.149361E-02,3.564850E+02,4.269743E-01,5.176253E+03,7.534560E+03,9.149361E-02,2.539434E+03,9.149361E-02,0.000000E+00,0.000000E+00,6.935808E-02,2.702387E+02,4.990241E-01,5.878099E+03,1.030738E+04,5.778838E-01,7.604467E+03,6.935808E-02,0.000000E+00,0.000000E+00,4.114411E-02,1.603091E+02,2.313297E-01,2.766230E+03,4.297566E+03,1.851307E-01,2.749719E+03,4.114411E-02,0.000000E+00,0.000000E+00,6.935808E-02,2.702387E+02,3.711975E-01,4.453767E+03,6.939563E+03,2.954841E-01,4.449958E+03,6.935808E-02,0.000000E+00,0.000000E+00,4.114411E-02,1.603091E+02,2.649854E-01,3.141880E+03,4.708119E+03,2.258488E-01,3.204378E+03,4.114411E-02,0.000000E+00,0.000000E+00
22:30:00,9.149361E-02,3.649587E+02,4.261131E-01,5.158165E+03,7.515913E+03,9.149361E-02,2.539434E+03,9.149361E-02,0.000000E+00,0.000000E+00,6.935808E-02,2.766623E+02,4.953354E-01,5.830530E+03,1.024884E+04,5.778849E-01,7.604479E+03,6.935808E-02,0.000000E+00,0.000000E+00,4.114411E-02,1.641196E+02,2.299280E-01,2.746773E+03,4.276523E+03,1.851313E-01,2.749726E+03,4.114411E-02,0.000000E+00,0.000000E+00,6.935808E-02,2.766623E+02,3.690746E-01,4.423648E+03,6.907085E+03,2.954852E-01,4.449970E+03,6.935808E-02,0.000000E+00,0.000000E+00,4.114411E-02,1.641196E+02,2.629176E-01,3.114990E+03,4.679276E+03,2.258494E-01,3.204384E+03,4.114411E-02,0.000000E+00,0.000000E+00
22:40:00,9.149361E-02,3.734323E+02,4.252726E-01,5.140308E+03,7.497502E+03,9.149361E-02,2.539434E+03,9.149361E-02,0.000000E+00,0.000000E+00,6.935808E-02,2.830859E+02,4.917718E-01,5.784357E+03,1.019182E+04,5.778860E-01,7.604492E+03,6.935808E-02,0.000000E+00,0.000000E+00,4.114411E-02,1.679302E+02,2.285639E-01,2.727737E+03,4.255904E+03,1.851318E-01,2.749732E+03,4.114411E-02,0.000000E+00,0.000000E+00,6.935808E-02,2.830859E+02,3.670130E-01,4.394214E+03,6.875301E+03,2.954863E-01,4.449983E+03,6.935808E-02,0.000000E+00,0.000000E+00,4.114411E-02,1.679302E+02,2.609175E-01,3.088855E+03,4.651199E+03,2.258499E-01,3.204390E+03,4.114411E-02,0.000000E+00,0.000000E+00
22:50:00,9.149361E-02,3.819059E+02,4.244506E-01,5.122657E+03,7.479301E+03,9.149361E-02,2.539434E+03,9.149361E-02,0.000000E+00,0.000000E+00,6.935808E-02,2.895094E+02,4.883318E-01,5.739561E+03,1.013665E+04,5.778872E-01,7.604505E+03,6.935808E-02,0.000000E+00,0.000000E+00,4.114411E-02,1.717407E+02,2.272367E-01,2.709113E+03,4.235735E+03,1.851324E-01,2.749739E+03,4.114411E-02,0.000000E+00,0.000000E+00,6.935808E-02,2.895094E+02,3.650112E-01,4.365446E+03,6.844243E+03,2.954874E-01,4.449995E+03,6.935808E-02,0.000000E+00,0.000000E+00,4.114411E-02,1.717407E+02,2.589812E-01,3.063432E+03,4.623891E+03,2.258504E-01,3.204396E+03,4.114411E-02,0.000000E+00,0.000000E+00
23:00:00,9.149361E-02,3.903796E+02,4.236451E-01,5.105191E+03,7.461291E+03,9.149361E-02,2.539434E+03,9.149361E-02,0.000000E+00,0.000000E+00,6.935808E-02,2.959330E+02,4.850142E-01,5.696131E+03,1.008350E+04,5.778883E-01,7.604517E+03,6.935808E-02,0.000000E+00,0.000000E+00,4.114411E-02,1.755513E+02,2.259460E-01,2.690896E+03,4.216034E+03,1.851330E-01,2.749745E+03,4.114411E-02,0.000000E+00,0.000000E+00,6.935808E-02,2.959330E+02,3.630678E-01,4.337331E+03,6.813932E+03,2.954885E-01,4.450007E+03,6.935808E-02,0.000000E+00,0.000000E+00,4.114411E-02,1.755513E+02,2.571058E-01,3.038689E+03,4.597348E+03,2.258510E-01,3.204402E+03,4.114411E-02,0.000000E+00,0.000000E+00
23:10:00,9.149361E-02,3.988532E+02,4.228546E-01,5.087892E+03,7.443452E+03,9.149361E-02,2.539434E+03,9.149361E-02,0.000000E+00,0.000000E+00,6.935808E-02,3.023566E+02,4.817184E-01,5.652944E+03,1.003058E+04,5.778894E-01,7.604529E+03,6.935808E-02,0.000000E+00,0.000000E+00,4.114411E-02,1.793618E+02,2.246701E-01,2.672845E+03,4.196496E+03,1.851336E-01,2.749751E+03,4.114411E-02,0.000000E+00,0.000000E+00,6.935808E-02,3.023566E+02,3.611481E-01,4.309480E+03,6.783880E+03,2.954896E-01,4.450019E+03,6.935808E-02,0.000000E+00,0.000000E+00,4.114411E-02,1.793618E+02,2.552603E-01,3.014280E+03,4.571144E+03,2.258515E-01,3.204407E+03,4.114411E-02,0.000000E+00,0.000000E+00
23:20:00,9.149361E-02,4.073268E+02,4.220774E-01,5.070742E+03,7.425765E+03,9.149361E-02,2.539434E+03,9.149361E-02,0.000000E+00,0.000000E+00,6.935808E-02,3.087801E+02,4.784424E-01,5.609979E+03,9.977852E+03,5.778905E-01,7.604542E+03,6.935808E-02,0.000000E+00,0.000000E+00,4.114411E-02,1.831723E+02,2.234082E-01,2.654949E+03,4.177112E+03,1.851341E-01,2.749758E+03,4.114411E-02,0.000000E+00,0.000000E+00,6.935808E-02,3.087801E+02,3.592493E-01,4.281862E+03,6.754059E+03,2.954906E-01,4.450031E+03,6.935808E-02,0.000000E+00,0.000000E+00,4.114411E-02,1.831723E+02,2.534416E-01,2.990169E+03,4.545243E+03,2.258520E-01,3.204413E+03,4.114411E-02,0.000000E+00,0.000000E+00
23:30:00,9.149361E-02,4.158005E+02,4.213122E-01,5.053725E+03,7.408213E+03,9.149361E-02,2.539434E+03,9.149361E-02,0.000000E+00,0.000000E+00,6.935808E-02,3.152037E+02,4.751845E-01,5.567215E+03,9.925287E+03,5.778916E-01,7.604554E+03,6.935808E-02,0.000000E+00,0.000000E+00,4.114411E-02,1.869829E+02,2.221591E-01,2.637198E+03,4.157870E+03,1.851347E-01,2.749764E+03,4.114411E-02,0.000000E+00,0.000000E+00,6.935808E-02,3.152037E+02,3.573695E-01,4.254457E+03,6.724447E+03,2.954917E-01,4.450043E+03,6.935808E-02,0.000000E+00,0.000000E+00,4.114411E-02,1.869829E+02,2.516469E-01,2.966327E+03,4.519613E+03,2.258525E-01,3.204419E+03,4.114411E-02,0.000000E+00,0.000000E+00
23:40:00,9.149361E-02,4.242741E+02,4.205575E-01,5.036826E+03,7.390784E+03,9.149361E-02,2.539434E+03,9.149361E-02,0.000000E+00,0.000000E+00,6.935808E-02,3.216272E+02,4.719431E-01,5.524636E+03,9.872859E+03,5.778926E-01,7.604566E+03,6.935808E-02,0.000000E+00,0.000000E+00,4.114411E-02,1.907934E+02,2.209221E-01,2.619580E+03,4.138763E+03,1.851352E-01,2.749770E+03,4.114411E-02,0.000000E+00,0.000000E+00,6.935808E-02,3.216272E+02,3.555070E-01,4.227246E+03,6.695028E+03,2.954927E-01,4.450055E+03,6.935808E-02,0.000000E+00,0.000000E+00,4.114411E-02,1.907934E+02,2.498744E-01,2.942732E+03,4.494232E+03,2.258531E-01,3.204425E+03,4.114411E-02,0.000000E+00,0.000000E+00
23:50:00,9.149361E-02,4.327477E+02,4.198122E-01,5.020033E+03,7.373461E+03,9.149361E-02,2.539434E+03,9.149361E-02,0.000000E+00,0.000000E+00,6.935808E-02,3.280508E+02,4.687166E-01,5.482223E+03,9.820548E+03,5.778937E-01,7.604578E+03,6.935808E-02,0.000000E+00,0.000000E+00,4.114411E-02,1.946040E+02,2.196962E-01,2.602087E+03,4.119779E+03,1.851358E-01,2.749776E+03,4.114411E-02,0.000000E+00,0.000000E+00,6.935808E-02,3.280508E+02,3.536605E-01,4.200211E+03,6.665783E+03,2.954938E-01,4.450066E+03,6.935808E-02,0.000000E+00,0.000000E+00,4.114411E-02,1.946040E+02,2.481221E-01,2.919364E+03,4.469077E+03,2.258536E-01,3.204431E+03,4.114411E-02,0.000000E+00,0.000000E+00
24:00:00,9.149361E-02,4.412214E+02,4.190754E-01,5.003332E+03,7.356235E+03,9.149361E-02,2.539434E+03,9.149361E-02,0.000000E+00,0.000000E+00,6.935808E-02,3.344744E+02,4.655035E-01,5.439960E+03,9.768337E+03,5.778948E-01,7.604590E+03,6.935808E-02,0.000000E+00,0.000000E+00,4.114411E-02,1.984145E+02,2.184807E-01,2.584709E+03,4.100909E+03,1.851363E-01,2.749782E+03,4.114411E-02,0.000000E+00,0.000000E+00,6.935808E-02,3.344744E+02,3.518283E-01,4.173338E+03,6.636696E+03,2.954948E-01,4.450078E+03,6.935808E-02,0.000000E+00,0.000000E+00,4.114411E-02,1.984145E+02,2.463884E-01,2.896203E+03,4.444131E+03,2.258541E-01,3.204436E+03,4.114411E-02,0.000000E+00,0.000000E+00
Coinc Peak   ,9.149361E-02,4.578467E-01,2.539434E+03,5.952169E+03,5.778948E-01,6.857489E-01,7.604590E+03,8.342413E+03,1.851363E-01,3.498189E-01,2.749782E+03,4.192185E+03,2.954948E-01,4.854320E-01,4.450078E+03,6.100052E+03,2.258541E-01,5.454833E-01,3.204436E+03,6.457076E+03
NonCoinc Peak,9.149361E-02,4.578467E-01,2.539434E+03,5.952169E+03,5.778948E-01,6.857489E-01,7.604590E+03,8.342413E+03,1.851363E-01,3.498189E-01,2.749782E+03,4.192185E+03,2.954948E-01,4.854320E-01,4.450078E+03,6.100052E+03,2.258541E-01,5.454833E-01,3.204436E+03,6.457076E+03
